customer_key,customer_code,first_name,last_name,gender,birth_date,email,phone,city,province,membership,segment,register_date,is_active
1,CUS000001,Samiah,Sihotang,Female,1996-02-21,kuswandarijohan@example.org,+62 (756) 379-9995,Semarang,Jawa Tengah,Gold,Loyal,2024-11-16,True
2,CUS000002,Lala,Kusumo,Male,1987-11-10,marganausamah@example.org,+62-501-179-3218,Yogyakarta,DI Yogyakarta,Bronze,Regular,2023-11-03,True
3,CUS000003,Maimunah,Lailasari,Male,1977-10-19,dina29@example.com,+62 (19) 577 8970,Surabaya,Jawa Timur,Bronze,Regular,2023-08-25,True
4,CUS000004,Atma,Pradipta,Female,1991-12-01,arta65@example.org,+62 (920) 395 8296,Yogyakarta,DI Yogyakarta,Bronze,Loyal,2024-06-07,False
5,CUS000005,Dwi,Hartati,Female,1980-08-22,wardianto@example.org,+62-0260-523-0210,Medan,Sumatera Utara,Silver,New,2024-12-09,True
6,CUS000006,Tari,Pranowo,Male,1991-02-19,mayasarikajen@example.org,+62 (0454) 213-8524,Bekasi,Jawa Barat,Bronze,Regular,2025-01-09,True
7,CUS000007,Rafi,Habibi,Female,2007-04-24,hutagalungrahmi@example.com,086 312 9074,Bogor,Jawa Barat,Platinum,Regular,2024-11-04,True
8,CUS000008,Cakrajiya,Mandala,Male,1981-11-16,eman58@example.com,+62 (073) 044-1119,Bandung,Jawa Barat,Bronze,Regular,2026-05-10,True
9,CUS000009,Silvia,Andriani,Male,1988-12-13,deviputra@example.org,+62 (83) 302-8364,Semarang,Jawa Tengah,Bronze,Regular,2025-01-28,True
10,CUS000010,Kemba,Tamba,Male,1962-05-18,faridapurwadi@example.net,+62-305-999-5487,Surabaya,Jawa Timur,Bronze,Regular,2025-02-19,True
11,CUS000011,Carla,Megantara,Male,1981-03-02,queen85@example.org,+62 (0984) 576-2262,Denpasar,Bali,Bronze,Regular,2024-03-10,True
12,CUS000012,Fitriani,Damanik,Male,1988-01-12,omarpradana@example.net,+62-214-831-4952,Denpasar,Bali,Silver,Regular,2023-10-15,True
13,CUS000013,Xanana,Samosir,Male,1988-02-18,jatmiko55@example.net,+62-0643-298-8615,Bogor,Jawa Barat,Bronze,Loyal,2025-11-25,True
14,CUS000014,Balidin,Hastuti,Female,2007-09-23,mulyanizelaya@example.com,+62 (0318) 364-2950,Makassar,Sulawesi Selatan,Silver,Loyal,2026-02-05,True
15,CUS000015,Eko,Mustofa,Male,1962-09-24,xrajata@example.com,+62 (33) 173 2649,Surabaya,Jawa Timur,Silver,New,2025-10-30,True
16,CUS000016,Baktiadi,Wijaya,Female,1974-08-21,pranowoedward@example.com,+62 (065) 567-2229,Medan,Sumatera Utara,Gold,Regular,2025-02-17,True
17,CUS000017,Mustofa,Simbolon,Female,1982-09-09,lhasanah@example.net,+62 (0808) 187 7521,Denpasar,Bali,Bronze,Regular,2025-01-18,True
18,CUS000018,Cager,Hutapea,Male,1969-09-28,kajen13@example.com,0861922843,Yogyakarta,DI Yogyakarta,Bronze,VIP,2026-05-15,True
19,CUS000019,Prayitna,Iswahyudi,Male,1985-02-06,zulkarnainbakianto@example.org,(0312) 644 8465,Makassar,Sulawesi Selatan,Bronze,Loyal,2025-04-28,True
20,CUS000020,Dagel,Suryono,Female,2005-02-06,indrarahayu@example.org,+62 (016) 036 3190,Bogor,Jawa Barat,Silver,Loyal,2025-08-16,False
21,CUS000021,Imam,Natsir,Male,1992-09-26,namagasalsabila@example.com,(0516) 008 2012,Yogyakarta,DI Yogyakarta,Silver,New,2023-09-03,True
22,CUS000022,Yulia,Hidayat,Female,1971-01-14,arisaryani@example.net,+62 (457) 178 3406,Medan,Sumatera Utara,Silver,Regular,2026-04-08,True
23,CUS000023,Karsa,Situmorang,Female,2002-12-27,susantijamalia@example.net,+62 (691) 730-6246,Bogor,Jawa Barat,Gold,VIP,2024-07-12,False
24,CUS000024,Rafi,Winarno,Male,1985-11-27,spadmasari@example.com,(0857) 452-5375,Surabaya,Jawa Timur,Bronze,Regular,2024-10-04,False
25,CUS000025,Baktiadi,Hardiansyah,Female,1985-10-31,queen67@example.com,+62 (098) 378 7652,Denpasar,Bali,Silver,Regular,2023-09-22,True
26,CUS000026,Salsabila,Purnawati,Female,1975-01-04,imanullang@example.com,+62 (0788) 263 8660,Surabaya,Jawa Timur,Gold,Regular,2025-07-29,True
27,CUS000027,Ana,Damanik,Male,1995-02-20,nainggolankala@example.net,+62 (073) 145 4528,Bekasi,Jawa Barat,Bronze,New,2025-01-01,True
28,CUS000028,Asmuni,Marbun,Female,1982-06-04,nasrullahriyanti@example.com,(0367) 227-8967,Bekasi,Jawa Barat,Silver,VIP,2025-05-20,True
29,CUS000029,Laksana,Maheswara,Male,1979-10-06,rachelhutasoit@example.org,+62 (400) 716-1726,Semarang,Jawa Tengah,Silver,New,2026-06-11,True
30,CUS000030,Simon,Lailasari,Female,1992-06-14,kanda76@example.net,+62 (278) 257 5994,Jakarta,DKI Jakarta,Silver,Regular,2024-11-23,False
31,CUS000031,Gandi,Nainggolan,Male,2003-03-07,auroramandala@example.net,(067) 009-4725,Yogyakarta,DI Yogyakarta,Bronze,New,2025-03-16,True
32,CUS000032,Jatmiko,Fujiati,Female,1977-06-22,ismail42@example.net,+62 (006) 966 1975,Semarang,Jawa Tengah,Gold,Regular,2024-02-29,True
33,CUS000033,Bakidin,Safitri,Female,2001-08-12,banawinajmudin@example.net,+62-60-962-7471,Denpasar,Bali,Bronze,New,2025-11-04,True
34,CUS000034,Jabal,Handayani,Female,1970-02-03,karyaadriansyah@example.org,(066) 797 8008,Surabaya,Jawa Timur,Bronze,Regular,2025-02-16,False
35,CUS000035,Darmana,Waskita,Male,1974-07-13,mandasarikambali@example.com,+62 (016) 833 1673,Bogor,Jawa Barat,Bronze,Regular,2024-01-04,True
36,CUS000036,Najwa,Budiman,Male,1963-05-18,iswahyudiaditya@example.com,(0638) 157 3619,Jakarta,DKI Jakarta,Gold,New,2026-03-13,True
37,CUS000037,Cakrajiya,Wijaya,Female,2008-06-02,hartakaprabowo@example.com,(027) 335-2853,Makassar,Sulawesi Selatan,Bronze,VIP,2025-10-17,True
38,CUS000038,Rusman,Salahudin,Female,1971-10-25,tarimandala@example.net,(0996) 198 2794,Jakarta,DKI Jakarta,Bronze,New,2023-09-18,True
39,CUS000039,Prayoga,Yolanda,Male,1966-07-06,kusumoelon@example.net,(023) 971 8491,Makassar,Sulawesi Selatan,Bronze,Regular,2025-09-02,True
40,CUS000040,Cindy,Zulkarnain,Male,1976-01-04,julianugroho@example.net,(0571) 381 3999,Yogyakarta,DI Yogyakarta,Gold,Regular,2025-12-31,True
41,CUS000041,Kania,Utama,Female,1962-08-29,rizkipradipta@example.com,+62 (0346) 748-2124,Denpasar,Bali,Gold,Regular,2024-11-10,True
42,CUS000042,Yani,Prasasta,Female,1993-12-27,firmansyahamong@example.org,083 247 1730,Jakarta,DKI Jakarta,Bronze,New,2025-02-18,True
43,CUS000043,Jamal,Natsir,Male,1977-01-20,damanikqori@example.org,080 669 2766,Bandung,Jawa Barat,Bronze,VIP,2023-09-04,False
44,CUS000044,Clara,Halim,Male,1961-07-18,mariahakim@example.com,+62 (029) 177 8884,Bekasi,Jawa Barat,Bronze,Loyal,2025-08-11,True
45,CUS000045,Puji,Astuti,Female,1999-05-27,vegamanullang@example.org,+62 (006) 642 4069,Surabaya,Jawa Timur,Silver,New,2023-11-09,False
46,CUS000046,Gatra,Mahendra,Male,1971-09-19,karya42@example.net,+62 (414) 454-1441,Medan,Sumatera Utara,Silver,Loyal,2026-04-02,True
47,CUS000047,Hasan,Siregar,Female,2008-01-03,hutapeairwan@example.org,085 606 1612,Medan,Sumatera Utara,Bronze,Regular,2024-01-21,True
48,CUS000048,Edi,Kuswandari,Female,2002-04-16,pprasetya@example.org,+62 (003) 772 2690,Medan,Sumatera Utara,Silver,Loyal,2024-04-06,True
49,CUS000049,Gangsar,Pradana,Female,2004-01-15,simbolonjulia@example.com,+62 (16) 459 9351,Medan,Sumatera Utara,Bronze,VIP,2024-12-08,True
50,CUS000050,Dewi,Sihombing,Female,1974-03-02,hutapeaicha@example.net,+62-15-230-8821,Bogor,Jawa Barat,Bronze,Regular,2026-04-08,True
51,CUS000051,Jamal,Setiawan,Female,1971-10-06,saptonorusman@example.org,0814691984,Jakarta,DKI Jakarta,Bronze,Loyal,2023-08-13,True
52,CUS000052,Salman,Budiman,Male,2005-03-13,elisaharyanti@example.net,084 190 0828,Denpasar,Bali,Silver,Loyal,2023-12-02,True
53,CUS000053,Harto,Kuswoyo,Female,1999-02-10,suartiniwarsa@example.net,+62 (0073) 260 4251,Surabaya,Jawa Timur,Silver,Regular,2023-11-09,False
54,CUS000054,Adikara,Zulkarnain,Female,2005-01-23,pradiptabaktiono@example.com,(0693) 906-3717,Semarang,Jawa Tengah,Bronze,Loyal,2024-05-17,True
55,CUS000055,Eka,Hassanah,Female,1977-12-11,cengkirsantoso@example.org,+62 (027) 476-0856,Semarang,Jawa Tengah,Bronze,New,2026-04-06,True
56,CUS000056,Tomi,Tampubolon,Male,1989-12-15,prayogahairyanto@example.org,+62-0480-701-9455,Yogyakarta,DI Yogyakarta,Silver,Regular,2024-06-25,True
57,CUS000057,Oskar,Andriani,Male,2005-12-02,gaman49@example.net,+62 (0219) 970-6533,Medan,Sumatera Utara,Bronze,VIP,2024-12-24,False
58,CUS000058,Salimah,Latupono,Female,1967-02-22,wwasita@example.org,+62 (69) 853 7700,Bogor,Jawa Barat,Silver,VIP,2025-01-29,True
59,CUS000059,Prima,Utami,Female,1996-05-04,cengkir03@example.net,+62-0027-573-9643,Semarang,Jawa Tengah,Bronze,New,2024-12-31,False
60,CUS000060,Shakila,Yuniar,Male,1999-10-08,juli56@example.org,080 162 1253,Denpasar,Bali,Platinum,Regular,2023-11-30,True
61,CUS000061,Ika,Uyainah,Male,1979-02-06,widodojasmin@example.com,(0240) 573-1196,Semarang,Jawa Tengah,Bronze,Regular,2024-03-06,True
62,CUS000062,Maimunah,Zulaika,Male,1973-01-26,hairyantohastuti@example.net,+62 (0510) 457 1395,Medan,Sumatera Utara,Bronze,New,2025-12-21,True
63,CUS000063,Cemani,Kusmawati,Female,2003-04-22,maheswarareksa@example.com,+62 (882) 164 0764,Surabaya,Jawa Timur,Gold,New,2025-11-20,False
64,CUS000064,Jamal,Lazuardi,Male,1966-05-17,aswanikusumo@example.org,+62 (348) 047 0347,Yogyakarta,DI Yogyakarta,Gold,Loyal,2023-08-31,True
65,CUS000065,Banawa,Laksita,Male,2002-03-21,wthamrin@example.org,+62-001-985-3592,Medan,Sumatera Utara,Bronze,Loyal,2025-12-20,True
66,CUS000066,Atmaja,Prasetyo,Female,1981-03-25,jaryani@example.com,+62 (0056) 451-9349,Surabaya,Jawa Timur,Platinum,Loyal,2025-12-22,True
67,CUS000067,Karen,Hardiansyah,Male,1963-10-19,kuswoyomaida@example.net,+62-579-882-2292,Denpasar,Bali,Silver,Loyal,2025-09-15,True
68,CUS000068,Amalia,Laksmiwati,Female,1990-06-23,wacanayono@example.net,(0690) 990 5902,Makassar,Sulawesi Selatan,Silver,New,2025-01-20,True
69,CUS000069,Kawaca,Laksmiwati,Female,1975-06-13,nsamosir@example.net,+62 (0779) 057-3017,Denpasar,Bali,Bronze,Regular,2023-08-07,True
70,CUS000070,Kemba,Nababan,Male,2006-01-09,kkurniawan@example.net,083 136 4820,Surabaya,Jawa Timur,Silver,Loyal,2025-06-13,False
71,CUS000071,Prabawa,Yuniar,Female,1976-04-25,hpudjiastuti@example.net,0833203687,Surabaya,Jawa Timur,Gold,Regular,2025-09-26,True
72,CUS000072,Bala,Ramadan,Male,1963-11-10,ian07@example.org,+62 (02) 804-2526,Bandung,Jawa Barat,Platinum,New,2024-08-16,False
73,CUS000073,Dasa,Rahmawati,Female,1993-09-17,asmuni25@example.net,+62 (07) 653 6024,Makassar,Sulawesi Selatan,Bronze,Regular,2024-04-25,True
74,CUS000074,Among,Haryanti,Female,2007-03-05,rahayu51@example.net,+62 (13) 873 0718,Makassar,Sulawesi Selatan,Gold,Loyal,2024-04-10,True
75,CUS000075,Saadat,Rahayu,Male,1975-05-15,glatupono@example.net,+62 (98) 175-2169,Medan,Sumatera Utara,Gold,Loyal,2025-05-18,True
76,CUS000076,Himawan,Zulaika,Female,1995-11-09,amaliaagustina@example.org,+62 (062) 502-7731,Jakarta,DKI Jakarta,Silver,Loyal,2024-02-17,False
77,CUS000077,Rusman,Halim,Male,2008-05-13,kamidin30@example.net,(0042) 554-7788,Surabaya,Jawa Timur,Silver,Regular,2026-02-17,True
78,CUS000078,Elvin,Adriansyah,Female,1992-09-20,bakijan41@example.net,+62 (556) 720 1798,Bandung,Jawa Barat,Bronze,Regular,2023-09-03,True
79,CUS000079,Umay,Yuliarti,Male,1977-11-15,anita37@example.org,(071) 755 7795,Surabaya,Jawa Timur,Bronze,New,2025-03-31,True
80,CUS000080,Qori,Permata,Female,1983-05-12,xsaputra@example.org,+62-0461-372-7151,Makassar,Sulawesi Selatan,Silver,New,2025-04-07,False
81,CUS000081,Sabar,Damanik,Female,1990-02-26,dadi59@example.net,+62 (0324) 020-9778,Medan,Sumatera Utara,Bronze,Regular,2026-06-05,True
82,CUS000082,Ibrani,Yuniar,Female,1993-06-19,budimanzalindra@example.com,+62-036-354-0238,Yogyakarta,DI Yogyakarta,Silver,Regular,2024-02-23,True
83,CUS000083,Febi,Dabukke,Male,2007-08-30,jabalrahimah@example.net,084 215 5747,Bogor,Jawa Barat,Silver,New,2024-10-08,True
84,CUS000084,Daliman,Putra,Male,1992-09-27,siraitpangeran@example.org,(0045) 399 7034,Semarang,Jawa Tengah,Silver,Loyal,2024-07-24,False
85,CUS000085,Jati,Wacana,Female,1986-08-04,dartono09@example.org,+62-97-252-9248,Bekasi,Jawa Barat,Bronze,New,2023-07-26,True
86,CUS000086,Hamzah,Saptono,Female,1995-02-12,kpranowo@example.com,+62 (009) 533-8164,Surabaya,Jawa Timur,Bronze,VIP,2026-01-31,False
87,CUS000087,Halima,Wasita,Female,1998-05-07,obudiyanto@example.org,+62 (74) 696 2922,Semarang,Jawa Tengah,Silver,New,2023-12-06,True
88,CUS000088,Chelsea,Gunarto,Male,1961-01-05,haryani@example.net,+62 (0292) 860-5328,Bogor,Jawa Barat,Bronze,New,2024-12-02,True
89,CUS000089,Balamantri,Hartati,Female,1985-06-06,salsabilawacana@example.net,+62 (0682) 741 8581,Yogyakarta,DI Yogyakarta,Gold,Regular,2025-08-23,True
90,CUS000090,Daniswara,Widiastuti,Female,1967-09-06,esusanti@example.com,082 457 3622,Yogyakarta,DI Yogyakarta,Bronze,VIP,2024-09-08,True
91,CUS000091,Elvina,Puspita,Male,1982-08-14,mayahabibi@example.org,(0093) 505-2082,Semarang,Jawa Tengah,Silver,Regular,2024-02-25,True
92,CUS000092,Genta,Zulaika,Female,1983-01-10,salsabila16@example.net,+62 (006) 971-7178,Semarang,Jawa Tengah,Gold,VIP,2023-12-31,True
93,CUS000093,Kania,Adriansyah,Female,2001-12-07,purnawatiwahyu@example.net,(078) 892-5851,Semarang,Jawa Tengah,Bronze,New,2026-02-10,True
94,CUS000094,Caket,Sihotang,Female,1988-11-30,rahmawatioman@example.com,+62 (00) 768-1032,Denpasar,Bali,Silver,Loyal,2023-12-16,False
95,CUS000095,Soleh,Wibisono,Male,1976-04-12,lamar00@example.com,0873150076,Bandung,Jawa Barat,Gold,Regular,2025-08-26,True
96,CUS000096,Kariman,Mustofa,Male,2007-03-12,mulya78@example.net,+62 (68) 545-3817,Semarang,Jawa Tengah,Gold,Loyal,2024-10-25,True
97,CUS000097,Balijan,Saefullah,Male,1998-08-10,nasrullah42@example.net,(0782) 367-3287,Yogyakarta,DI Yogyakarta,Bronze,New,2024-03-07,True
98,CUS000098,Carub,Hidayanto,Female,1989-08-06,kembaoktaviani@example.com,+62 (010) 559 3061,Bandung,Jawa Barat,Gold,New,2025-10-11,True
99,CUS000099,Damar,Anggriawan,Female,1994-01-22,tantri42@example.com,(0056) 106-6137,Semarang,Jawa Tengah,Bronze,Loyal,2025-05-11,True
100,CUS000100,Nadia,Winarno,Male,1980-07-26,hassanahharjasa@example.com,(0803) 115-3825,Semarang,Jawa Tengah,Bronze,Loyal,2024-09-01,True
101,CUS000101,Dina,Sihombing,Male,1993-04-29,edi65@example.com,+62-35-309-6706,Medan,Sumatera Utara,Bronze,Regular,2024-02-14,False
102,CUS000102,Panji,Rahayu,Female,1976-02-23,zizi47@example.net,+62 (0450) 221-7744,Bekasi,Jawa Barat,Gold,Regular,2023-10-06,True
103,CUS000103,Gantar,Pudjiastuti,Female,1987-09-04,nasyiahgawati@example.org,+62-098-818-2044,Bandung,Jawa Barat,Bronze,Regular,2026-03-14,True
104,CUS000104,Utama,Zulkarnain,Female,1965-07-01,hidayatsabrina@example.org,0883718809,Yogyakarta,DI Yogyakarta,Gold,Regular,2025-07-01,True
105,CUS000105,Setya,Setiawan,Female,1991-08-08,cuyainah@example.com,+62 (0892) 765 9017,Semarang,Jawa Tengah,Silver,Regular,2026-03-18,True
106,CUS000106,Adika,Hartati,Female,1971-07-16,salimah31@example.net,+62-50-206-0948,Bekasi,Jawa Barat,Gold,Loyal,2025-12-18,True
107,CUS000107,Gangsar,Suwarno,Female,1970-10-24,pratamaomar@example.com,+62 (694) 225 6991,Makassar,Sulawesi Selatan,Bronze,Loyal,2025-09-25,True
108,CUS000108,Eman,Pratiwi,Female,1967-12-21,fitrianikuswoyo@example.net,+62 (70) 292 1200,Bandung,Jawa Barat,Bronze,Regular,2024-05-11,True
109,CUS000109,Daru,Tamba,Female,1971-01-30,gandriani@example.org,+62 (0780) 500 2990,Jakarta,DKI Jakarta,Silver,Regular,2026-06-26,False
110,CUS000110,Vanesa,Mardhiyah,Male,1972-06-24,cakrawala07@example.org,089 386 9289,Bogor,Jawa Barat,Gold,VIP,2025-04-25,False
111,CUS000111,Empluk,Mayasari,Female,1987-03-29,halimgaran@example.com,+62-017-881-1800,Surabaya,Jawa Timur,Silver,New,2025-12-21,True
112,CUS000112,Adikara,Halimah,Female,1987-07-06,prima35@example.com,+62 (0956) 530-7582,Bekasi,Jawa Barat,Bronze,New,2025-08-05,True
113,CUS000113,Mulyanto,Tampubolon,Male,1962-03-22,kunthara82@example.net,+62-694-369-2240,Medan,Sumatera Utara,Bronze,New,2025-06-03,True
114,CUS000114,Narji,Sitompul,Female,1963-04-09,cemeti60@example.net,+62 (13) 289-9341,Bogor,Jawa Barat,Bronze,Regular,2023-08-30,True
115,CUS000115,Calista,Pangestu,Male,1973-06-07,sudiatidalimin@example.com,+62-474-540-9061,Bekasi,Jawa Barat,Silver,Regular,2025-07-06,True
116,CUS000116,Kambali,Kurniawan,Female,2005-02-12,prabupradipta@example.com,+62-050-713-0781,Bogor,Jawa Barat,Silver,Loyal,2025-12-23,True
117,CUS000117,Banawa,Utami,Male,1990-10-10,bambangdabukke@example.com,080 674 6922,Bogor,Jawa Barat,Gold,Loyal,2024-12-27,True
118,CUS000118,Sabrina,Maryadi,Female,1989-10-23,elihalim@example.com,+62-0382-977-2138,Jakarta,DKI Jakarta,Silver,Loyal,2024-12-28,True
119,CUS000119,Jumari,Rahmawati,Female,1991-05-24,kawaya86@example.net,+62 (008) 736 0553,Makassar,Sulawesi Selatan,Bronze,Regular,2025-09-01,True
120,CUS000120,Bajragin,Marpaung,Female,2006-09-22,cemani95@example.org,0852686324,Bekasi,Jawa Barat,Platinum,Regular,2024-02-29,False
121,CUS000121,Ulva,Farida,Male,1963-10-05,dinasiregar@example.com,+62 (21) 973-9806,Bogor,Jawa Barat,Bronze,Loyal,2024-04-06,True
122,CUS000122,Artawan,Dongoran,Male,1977-11-09,yrajasa@example.org,+62 (0528) 093-6168,Makassar,Sulawesi Selatan,Silver,Loyal,2023-12-10,False
123,CUS000123,Warsita,Permata,Female,1987-03-06,habibiibun@example.net,+62 (0072) 668 3853,Denpasar,Bali,Gold,Loyal,2024-06-26,True
124,CUS000124,Rachel,Andriani,Female,1991-07-18,zpalastri@example.org,(0968) 346 6282,Bekasi,Jawa Barat,Bronze,Loyal,2024-06-06,True
125,CUS000125,Dinda,Astuti,Male,1995-07-27,banggraini@example.org,+62 (062) 240-7315,Bekasi,Jawa Barat,Bronze,Regular,2026-03-14,True
126,CUS000126,Rahayu,Pratama,Female,1988-10-16,xsaptono@example.org,+62-39-344-4535,Medan,Sumatera Utara,Gold,Regular,2024-05-30,False
127,CUS000127,Siska,Mulyani,Female,1996-09-07,sihombingbelinda@example.com,+62-83-728-0654,Medan,Sumatera Utara,Bronze,Regular,2025-04-18,True
128,CUS000128,Rina,Yolanda,Male,1961-06-04,megantaranasrullah@example.org,0847185405,Denpasar,Bali,Bronze,New,2025-10-05,True
129,CUS000129,Nugraha,Rajasa,Female,2000-08-07,thamrinempluk@example.net,+62 (732) 279 4130,Surabaya,Jawa Timur,Bronze,Loyal,2026-06-26,False
130,CUS000130,Wawan,Sitorus,Female,1964-03-27,ianlestari@example.org,+62 (0577) 712-1723,Bogor,Jawa Barat,Bronze,Regular,2025-09-10,True
131,CUS000131,Azalea,Zulkarnain,Female,2006-02-19,catur46@example.org,+62-026-452-4020,Medan,Sumatera Utara,Gold,New,2026-05-19,True
132,CUS000132,Fitria,Nurdiyanti,Male,2002-03-07,harimurti43@example.org,+62-756-324-9711,Yogyakarta,DI Yogyakarta,Bronze,VIP,2025-02-12,True
133,CUS000133,Farhunnisa,Hutasoit,Female,2004-11-20,vmandasari@example.org,(099) 853 0153,Semarang,Jawa Tengah,Gold,Loyal,2025-01-02,True
134,CUS000134,Silvia,Ramadan,Male,1976-04-08,eja62@example.net,+62 (0451) 537 3834,Bandung,Jawa Barat,Silver,New,2026-01-26,True
135,CUS000135,Taufan,Lailasari,Male,1967-11-06,imayasari@example.net,+62-16-335-8809,Bandung,Jawa Barat,Silver,Regular,2024-11-27,True
136,CUS000136,Pia,Siregar,Male,1985-02-14,dalionoanggraini@example.org,+62-018-790-1708,Makassar,Sulawesi Selatan,Silver,New,2025-08-31,False
137,CUS000137,Endra,Rajasa,Female,2002-12-28,puspasarihadi@example.net,+62-052-267-8770,Medan,Sumatera Utara,Bronze,Loyal,2026-05-19,True
138,CUS000138,Jasmin,Hardiansyah,Male,1984-06-08,puti79@example.net,+62 (211) 213-2409,Bandung,Jawa Barat,Bronze,Regular,2023-12-05,True
139,CUS000139,Atma,Hutapea,Male,1998-08-31,mahmud12@example.com,(0561) 822-6329,Medan,Sumatera Utara,Gold,New,2025-10-12,False
140,CUS000140,Elma,Adriansyah,Female,2006-04-11,maidaardianto@example.org,+62 (000) 751-5606,Jakarta,DKI Jakarta,Platinum,Regular,2024-09-07,True
141,CUS000141,Jarwadi,Mansur,Male,1971-08-06,pujisuryatmi@example.org,0867739455,Makassar,Sulawesi Selatan,Platinum,Loyal,2025-01-15,True
142,CUS000142,Uchita,Hariyah,Female,1996-04-03,yramadan@example.net,+62 (058) 627 5648,Surabaya,Jawa Timur,Silver,VIP,2025-06-05,False
143,CUS000143,Hardi,Gunarto,Female,1970-06-11,maryantofarida@example.net,+62-86-771-8138,Bekasi,Jawa Barat,Bronze,Loyal,2023-12-24,True
144,CUS000144,Cemeti,Napitupulu,Female,2005-07-06,danujatamba@example.com,+62 (0512) 831-3374,Makassar,Sulawesi Selatan,Gold,Loyal,2024-06-05,True
145,CUS000145,Pangeran,Wahyuni,Male,1968-09-26,baktiono32@example.org,+62 (0877) 073 6170,Yogyakarta,DI Yogyakarta,Bronze,Regular,2026-06-04,True
146,CUS000146,Karimah,Purnawati,Female,1960-12-20,tiarapuspita@example.net,+62-070-580-8443,Denpasar,Bali,Bronze,VIP,2025-05-28,True
147,CUS000147,Ganda,Lestari,Male,1965-05-02,rachelhabibi@example.org,+62 (024) 543-5335,Jakarta,DKI Jakarta,Bronze,Regular,2024-07-08,True
148,CUS000148,Setya,Wijaya,Male,1996-10-01,tdongoran@example.net,+62-529-148-8563,Denpasar,Bali,Bronze,New,2026-01-31,False
149,CUS000149,Ulya,Tampubolon,Male,1969-07-17,lutfanusamah@example.com,0895612059,Jakarta,DKI Jakarta,Bronze,Regular,2023-11-01,True
150,CUS000150,Gandi,Prakasa,Female,2007-03-15,zsihotang@example.org,089 648 8430,Jakarta,DKI Jakarta,Silver,Regular,2025-01-30,True
151,CUS000151,Gadang,Santoso,Male,1961-09-17,dadisuryatmi@example.net,+62 (060) 815 6048,Bekasi,Jawa Barat,Silver,Regular,2023-08-25,False
152,CUS000152,Karen,Natsir,Male,1976-01-30,cawisono03@example.com,(036) 872 7737,Makassar,Sulawesi Selatan,Silver,Loyal,2025-12-04,True
153,CUS000153,Yance,Narpati,Male,1999-03-26,oardianto@example.net,+62 (0354) 252 5178,Jakarta,DKI Jakarta,Bronze,Loyal,2026-04-09,False
154,CUS000154,Radika,Prasetya,Female,1989-12-18,rahayu06@example.com,0838377008,Yogyakarta,DI Yogyakarta,Bronze,Regular,2026-05-26,True
155,CUS000155,Putri,Hastuti,Female,1990-12-16,emongbudiyanto@example.com,0856111283,Medan,Sumatera Utara,Bronze,Regular,2024-07-21,True
156,CUS000156,Bakijan,Pranowo,Female,1985-04-10,adiarjapradana@example.net,+62 (068) 948-0610,Denpasar,Bali,Silver,New,2025-01-03,False
157,CUS000157,Prayoga,Waskita,Male,1987-06-29,harjosantoso@example.org,+62 (97) 627-8245,Bandung,Jawa Barat,Platinum,Regular,2024-05-23,True
158,CUS000158,Jaswadi,Mandala,Female,1995-04-09,hasimwahyudin@example.com,+62 (0795) 112-1124,Yogyakarta,DI Yogyakarta,Silver,Loyal,2025-03-17,True
159,CUS000159,Rama,Pratiwi,Female,1972-01-28,banawaharyanto@example.net,0863660223,Surabaya,Jawa Timur,Bronze,Loyal,2025-05-29,True
160,CUS000160,Rika,Wahyuni,Female,1972-07-25,rsuwarno@example.net,(0781) 120 2704,Bogor,Jawa Barat,Silver,New,2025-09-25,True
161,CUS000161,Restu,Mayasari,Male,1964-03-25,thamrinihsan@example.org,+62-47-447-3938,Medan,Sumatera Utara,Gold,Loyal,2025-07-25,True
162,CUS000162,Yusuf,Narpati,Male,1967-11-09,gunartoelma@example.net,0886551620,Semarang,Jawa Tengah,Silver,Regular,2024-06-25,True
163,CUS000163,Baktiono,Prayoga,Female,1982-04-03,ismail33@example.net,+62 (87) 208-7965,Bandung,Jawa Barat,Gold,New,2024-07-29,True
164,CUS000164,Daliman,Budiman,Male,1977-11-12,wahyudingalih@example.net,(0144) 696 3698,Jakarta,DKI Jakarta,Bronze,Loyal,2025-03-20,True
165,CUS000165,Jaka,Usada,Male,1969-09-11,platupono@example.com,+62 (0171) 397-2018,Denpasar,Bali,Bronze,Regular,2024-02-06,False
166,CUS000166,Nabila,Prasetya,Male,1964-02-21,gandinasyiah@example.org,(0542) 765 7544,Denpasar,Bali,Silver,Loyal,2024-12-31,True
167,CUS000167,Caket,Situmorang,Male,1991-02-14,sihombingyessi@example.net,0857394425,Bekasi,Jawa Barat,Bronze,Loyal,2024-03-07,True
168,CUS000168,Gara,Santoso,Female,1974-05-09,irnanto01@example.org,+62 (077) 001 9452,Yogyakarta,DI Yogyakarta,Bronze,VIP,2026-01-21,True
169,CUS000169,Joko,Dongoran,Male,1999-05-01,siraitkusuma@example.com,+62 (0847) 093-8356,Semarang,Jawa Tengah,Gold,Regular,2025-05-27,True
170,CUS000170,Paulin,Siregar,Female,1999-03-09,kuswoyoprabawa@example.org,+62 (09) 894-9473,Bogor,Jawa Barat,Silver,Loyal,2024-02-16,True
171,CUS000171,Malika,Habibi,Female,1999-10-09,mpermadi@example.com,+62 (0522) 430 6132,Medan,Sumatera Utara,Silver,Loyal,2023-11-13,True
172,CUS000172,Cemeti,Suryatmi,Female,1964-11-23,okusmawati@example.com,+62 (294) 400-2691,Denpasar,Bali,Silver,Regular,2024-12-05,True
173,CUS000173,Tasnim,Sihombing,Male,1963-05-16,radikasinaga@example.org,+62 (0637) 700-1568,Yogyakarta,DI Yogyakarta,Bronze,New,2024-07-29,True
174,CUS000174,Hendri,Purwanti,Female,1967-02-23,dadipratiwi@example.com,+62 (733) 098-0333,Bandung,Jawa Barat,Silver,New,2025-10-29,True
175,CUS000175,Nilam,Sihotang,Male,1998-06-20,agnesfirgantoro@example.net,084 241 8713,Semarang,Jawa Tengah,Bronze,Regular,2024-03-20,True
176,CUS000176,Karna,Wijaya,Male,1985-09-15,tomiwinarsih@example.org,0857711211,Denpasar,Bali,Silver,Regular,2026-07-05,False
177,CUS000177,Maras,Utama,Female,1970-08-24,sakura85@example.net,(0964) 917 2066,Bogor,Jawa Barat,Bronze,Regular,2024-10-27,True
178,CUS000178,Eman,Lestari,Male,1970-11-21,jaismangunsong@example.org,+62-0671-513-4364,Bandung,Jawa Barat,Bronze,VIP,2026-07-24,True
179,CUS000179,Jane,Winarno,Female,1980-04-03,fnasyidah@example.net,(065) 307-2146,Medan,Sumatera Utara,Bronze,Loyal,2023-12-10,True
180,CUS000180,Catur,Nababan,Female,2007-09-01,ulva95@example.com,+62 (786) 219-7927,Makassar,Sulawesi Selatan,Platinum,VIP,2026-03-07,True
181,CUS000181,Ophelia,Wahyuni,Male,2002-09-18,mala73@example.net,+62 (201) 984-0127,Surabaya,Jawa Timur,Bronze,Loyal,2024-10-10,False
182,CUS000182,Rendy,Irawan,Female,1982-06-23,makaranatsir@example.com,+62-606-512-8459,Surabaya,Jawa Timur,Bronze,Regular,2024-06-21,True
183,CUS000183,Danuja,Wibowo,Male,1963-12-20,wulandariusyi@example.net,+62-075-261-9646,Makassar,Sulawesi Selatan,Bronze,New,2026-07-08,True
184,CUS000184,Karja,Mansur,Female,1998-12-25,limar27@example.com,(0082) 998-8822,Bandung,Jawa Barat,Gold,Loyal,2024-07-10,True
185,CUS000185,Ade,Gunarto,Male,1977-09-15,entengwaskita@example.com,+62-206-723-5205,Semarang,Jawa Tengah,Silver,Loyal,2026-04-20,True
186,CUS000186,Queen,Prakasa,Male,1995-10-07,santosoanita@example.org,+62 (47) 874 0080,Denpasar,Bali,Bronze,Loyal,2026-05-24,True
187,CUS000187,Jail,Kusumo,Male,1999-03-19,zsudiati@example.net,(0723) 482-4471,Bekasi,Jawa Barat,Bronze,New,2025-04-15,True
188,CUS000188,Kasiyah,Salahudin,Male,1961-04-16,kjanuar@example.org,+62 (028) 295 0228,Medan,Sumatera Utara,Gold,Regular,2024-07-16,True
189,CUS000189,Paris,Marpaung,Female,1986-12-26,cahyanto64@example.com,+62-096-422-6565,Surabaya,Jawa Timur,Bronze,Loyal,2025-07-30,False
190,CUS000190,Dariati,Yuliarti,Female,1966-05-28,luweslailasari@example.com,+62-058-310-8515,Jakarta,DKI Jakarta,Bronze,Regular,2023-10-13,True
191,CUS000191,Gamanto,Anggriawan,Male,1974-11-21,titi15@example.com,084 783 4656,Bogor,Jawa Barat,Silver,Regular,2025-12-15,True
192,CUS000192,Mahmud,Napitupulu,Male,2006-01-09,jumarisihombing@example.org,+62-0388-442-3139,Denpasar,Bali,Silver,Loyal,2024-08-05,True
193,CUS000193,Intan,Firmansyah,Male,1968-07-26,hartatikarna@example.net,080 364 5830,Jakarta,DKI Jakarta,Silver,New,2024-04-15,True
194,CUS000194,Ajeng,Nainggolan,Male,1976-06-03,jumarisalahudin@example.org,(0830) 774 2273,Bekasi,Jawa Barat,Gold,New,2024-09-04,False
195,CUS000195,Adika,Utama,Female,1980-08-18,owaluyo@example.com,0881391314,Bogor,Jawa Barat,Silver,VIP,2023-08-18,True
196,CUS000196,Zaenab,Manullang,Female,2006-11-21,epratama@example.org,+62-088-313-3074,Denpasar,Bali,Gold,VIP,2024-04-30,True
197,CUS000197,Hamzah,Susanti,Female,1968-12-21,arsipatra89@example.com,(045) 451 6249,Bandung,Jawa Barat,Gold,New,2024-11-13,True
198,CUS000198,Lulut,Hasanah,Female,1962-10-14,jasmanizulaika@example.com,+62 (062) 138-0938,Medan,Sumatera Utara,Bronze,Regular,2026-03-09,False
199,CUS000199,Limar,Mustofa,Female,1974-03-23,usadanova@example.net,+62-38-517-1814,Bekasi,Jawa Barat,Gold,New,2024-12-17,True
200,CUS000200,Malik,Yuliarti,Male,1969-11-21,ssaefullah@example.org,+62 (0683) 826 4928,Denpasar,Bali,Gold,Regular,2024-05-13,False
201,CUS000201,Maimunah,Saragih,Male,1981-08-30,balamantri98@example.com,+62 (0752) 953 5246,Semarang,Jawa Tengah,Platinum,Loyal,2026-01-08,True
202,CUS000202,Kenari,Permadi,Male,1983-12-05,laswipermata@example.org,+62 (695) 385 6639,Makassar,Sulawesi Selatan,Bronze,New,2024-11-27,False
203,CUS000203,Vero,Zulaika,Male,2000-02-09,wnatsir@example.net,(094) 892-7722,Medan,Sumatera Utara,Gold,New,2024-03-16,True
204,CUS000204,Lasmono,Safitri,Male,1963-11-25,jailaniibun@example.net,+62 (0701) 696-4050,Bekasi,Jawa Barat,Bronze,New,2025-04-15,False
205,CUS000205,Dewi,Wasita,Female,1966-09-06,qmaheswara@example.net,+62 (051) 817-0170,Bekasi,Jawa Barat,Bronze,Loyal,2025-02-17,True
206,CUS000206,Hairyanto,Pertiwi,Female,1993-06-23,jwijayanti@example.net,0875728973,Denpasar,Bali,Platinum,New,2024-03-19,True
207,CUS000207,Sadina,Halimah,Male,1991-11-12,budiyantocarub@example.net,(022) 094-5975,Denpasar,Bali,Bronze,New,2023-12-12,False
208,CUS000208,Bahuwirya,Anggriawan,Male,1975-01-14,elaksmiwati@example.com,+62-587-845-3590,Makassar,Sulawesi Selatan,Bronze,VIP,2025-04-15,True
209,CUS000209,Kamidin,Suwarno,Male,1978-09-26,puji46@example.net,+62 (449) 038 9794,Semarang,Jawa Tengah,Bronze,Regular,2024-03-07,False
210,CUS000210,Lasmanto,Mulyani,Male,1962-08-14,mahdi78@example.org,(0005) 147-8681,Medan,Sumatera Utara,Bronze,VIP,2024-11-28,False
211,CUS000211,Abyasa,Januar,Female,1987-02-05,garawulandari@example.net,+62-952-732-2003,Medan,Sumatera Utara,Silver,Loyal,2026-06-11,False
212,CUS000212,Padmi,Wijaya,Female,1968-03-03,hardiansyahprakosa@example.net,(040) 362-0397,Bogor,Jawa Barat,Gold,Regular,2024-08-14,True
213,CUS000213,Sidiq,Saputra,Male,1972-12-25,mandasariganjaran@example.net,+62 (0389) 579 2639,Bogor,Jawa Barat,Silver,Regular,2025-03-27,True
214,CUS000214,Harsaya,Winarsih,Male,1975-12-02,yhutapea@example.org,+62 (68) 367-0581,Bekasi,Jawa Barat,Gold,Regular,2025-01-26,True
215,CUS000215,Kenzie,Laksita,Female,1991-03-07,dpradipta@example.com,+62 (59) 996 2465,Semarang,Jawa Tengah,Bronze,Regular,2023-08-10,True
216,CUS000216,Hari,Wahyudin,Female,1978-12-20,tuwais@example.org,+62 (59) 291-1445,Semarang,Jawa Tengah,Silver,New,2024-06-18,True
217,CUS000217,Olivia,Safitri,Male,2006-02-12,yono73@example.com,089 742 9326,Denpasar,Bali,Bronze,VIP,2025-02-20,True
218,CUS000218,Cakrajiya,Napitupulu,Female,1988-10-19,laksana05@example.net,+62 (291) 550 9376,Bogor,Jawa Barat,Bronze,New,2025-03-12,False
219,CUS000219,Jamil,Santoso,Female,1963-10-18,paris35@example.net,0821854429,Bekasi,Jawa Barat,Bronze,Regular,2024-08-16,True
220,CUS000220,Mahesa,Hakim,Female,1974-07-10,osirait@example.com,+62-0557-296-5944,Semarang,Jawa Tengah,Bronze,Loyal,2024-06-15,True
221,CUS000221,Fathonah,Situmorang,Female,2005-07-20,carakagunawan@example.com,+62-0405-986-0173,Surabaya,Jawa Timur,Silver,Regular,2024-11-24,True
222,CUS000222,Gatra,Maheswara,Male,2005-07-28,yputra@example.net,082 604 0440,Surabaya,Jawa Timur,Silver,Regular,2024-11-18,False
223,CUS000223,Cengkir,Waskita,Female,1979-09-27,eka01@example.org,(031) 246-6865,Denpasar,Bali,Bronze,Regular,2024-11-01,True
224,CUS000224,Puji,Laksmiwati,Female,2002-03-18,dandriani@example.org,(0403) 301 8578,Yogyakarta,DI Yogyakarta,Bronze,Regular,2026-05-21,True
225,CUS000225,Belinda,Hakim,Female,1979-03-10,paris79@example.com,+62 (041) 022-5362,Surabaya,Jawa Timur,Bronze,VIP,2026-07-14,True
226,CUS000226,Kairav,Kusumo,Male,2005-05-29,eyuniar@example.org,+62 (51) 014 4269,Medan,Sumatera Utara,Bronze,Regular,2025-02-02,True
227,CUS000227,Pranawa,Hariyah,Male,1986-10-13,fhalim@example.com,0828550876,Makassar,Sulawesi Selatan,Silver,VIP,2023-12-17,True
228,CUS000228,Ajimat,Purwanti,Male,1997-05-17,usudiati@example.com,(0330) 386 8452,Jakarta,DKI Jakarta,Silver,Loyal,2025-01-25,True
229,CUS000229,Kasiyah,Hidayat,Male,1997-04-23,baktiantosuryono@example.com,0815757305,Makassar,Sulawesi Selatan,Silver,Loyal,2025-02-14,True
230,CUS000230,Sadina,Nashiruddin,Female,1963-02-13,purwa82@example.net,+62 (0628) 418-0675,Medan,Sumatera Utara,Silver,Loyal,2025-03-07,True
231,CUS000231,Taufan,Prasetyo,Female,1988-06-17,ibudiman@example.net,+62 (20) 264 5111,Bogor,Jawa Barat,Silver,New,2025-11-26,True
232,CUS000232,Rahmat,Lailasari,Female,1968-09-04,harsanadongoran@example.com,+62 (0354) 085 0060,Bandung,Jawa Barat,Bronze,New,2023-12-26,False
233,CUS000233,Ifa,Santoso,Male,1975-11-12,cahyo83@example.com,+62 (0184) 744-0823,Yogyakarta,DI Yogyakarta,Bronze,New,2026-06-17,True
234,CUS000234,Asmianto,Rahayu,Female,1960-10-17,prabowonadia@example.net,+62-0711-750-1753,Makassar,Sulawesi Selatan,Bronze,New,2025-02-25,True
235,CUS000235,Adikara,Suwarno,Female,1979-12-13,usadaclara@example.org,+62 (0313) 047 3910,Bandung,Jawa Barat,Gold,Regular,2025-07-17,True
236,CUS000236,Bakidin,Prayoga,Male,1969-07-24,rahimahgalang@example.com,+62 (065) 781-3787,Bogor,Jawa Barat,Silver,Loyal,2024-12-30,True
237,CUS000237,Lurhur,Nasyiah,Male,1980-07-11,ysuryono@example.net,+62 (0717) 395 7158,Denpasar,Bali,Bronze,Regular,2026-01-14,False
238,CUS000238,Jarwa,Nasyiah,Female,1968-09-22,zelaya77@example.com,+62 (0218) 187 2227,Bogor,Jawa Barat,Bronze,New,2023-08-03,True
239,CUS000239,Ida,Purnawati,Female,1979-09-13,gangsasihombing@example.org,+62 (0892) 531 3864,Medan,Sumatera Utara,Silver,Regular,2025-04-03,True
240,CUS000240,Mursinin,Nugroho,Male,2003-10-11,handayanirudi@example.org,(0016) 949 9280,Makassar,Sulawesi Selatan,Gold,Loyal,2023-08-11,True
241,CUS000241,Darmanto,Saragih,Male,1974-12-01,hendrihakim@example.net,(0399) 752-8762,Bandung,Jawa Barat,Gold,Loyal,2023-08-13,False
242,CUS000242,Cecep,Hutapea,Female,1972-11-15,gangsarnugroho@example.org,0860542205,Surabaya,Jawa Timur,Bronze,Regular,2025-04-20,True
243,CUS000243,Joko,Budiman,Female,1997-05-14,vlatupono@example.net,+62 (98) 592-4170,Medan,Sumatera Utara,Bronze,Regular,2024-09-06,False
244,CUS000244,Ilsa,Sitompul,Female,1986-10-16,gadasihotang@example.com,+62 (025) 102-2366,Semarang,Jawa Tengah,Gold,Regular,2024-02-08,True
245,CUS000245,Dasa,Winarsih,Male,1967-11-01,mahmud88@example.net,(0290) 041 4102,Medan,Sumatera Utara,Silver,Regular,2024-04-03,True
246,CUS000246,Damar,Prayoga,Female,2003-04-03,amelani@example.net,088 372 3975,Bogor,Jawa Barat,Bronze,Loyal,2025-06-23,True
247,CUS000247,Tira,Pertiwi,Female,2000-12-30,hariyahokta@example.net,+62 (0022) 942-8504,Jakarta,DKI Jakarta,Bronze,Loyal,2024-09-05,False
248,CUS000248,Wawan,Prastuti,Female,1995-04-14,asihombing@example.net,+62 (33) 424 4212,Medan,Sumatera Utara,Silver,Loyal,2026-01-17,False
249,CUS000249,Queen,Habibi,Female,1995-01-28,nasyidahwasis@example.net,+62 (0154) 121-8192,Semarang,Jawa Tengah,Silver,Regular,2024-05-01,True
250,CUS000250,Endra,Narpati,Male,1977-06-08,laksitatitin@example.com,+62 (509) 303 6731,Bandung,Jawa Barat,Bronze,Regular,2025-03-24,True
251,CUS000251,Simon,Gunarto,Female,1982-07-05,hutagalungharsanto@example.com,+62 (026) 924-6008,Bogor,Jawa Barat,Bronze,VIP,2024-05-09,True
252,CUS000252,Okto,Andriani,Female,1994-01-27,pkusmawati@example.com,+62-32-193-1537,Yogyakarta,DI Yogyakarta,Silver,Regular,2024-09-12,True
253,CUS000253,Bahuwirya,Usamah,Female,1999-05-27,hsitompul@example.org,+62 (0422) 195 1736,Denpasar,Bali,Bronze,Regular,2024-06-14,False
254,CUS000254,Bahuraksa,Zulkarnain,Female,1969-04-16,tiara44@example.net,+62-89-930-9192,Makassar,Sulawesi Selatan,Gold,Regular,2024-05-29,True
255,CUS000255,Ivan,Permata,Female,2000-11-06,hgunarto@example.net,(028) 631 1358,Bogor,Jawa Barat,Silver,Loyal,2025-02-28,True
256,CUS000256,Ulya,Pratama,Male,1965-04-10,eriknamaga@example.net,+62-739-882-3826,Bandung,Jawa Barat,Gold,VIP,2023-10-20,True
257,CUS000257,Carla,Rahayu,Male,2005-07-25,kusmawatikarya@example.net,+62-096-529-0921,Bekasi,Jawa Barat,Bronze,New,2025-01-26,True
258,CUS000258,Raharja,Aryani,Male,2001-03-05,csudiati@example.org,089 558 2786,Bogor,Jawa Barat,Gold,Regular,2024-12-23,True
259,CUS000259,Harto,Wahyuni,Male,1986-12-28,faryani@example.net,(0777) 913-1116,Yogyakarta,DI Yogyakarta,Bronze,New,2023-08-05,True
260,CUS000260,Cemeti,Siregar,Female,2006-02-22,maryadiprayoga@example.net,(0304) 165 1733,Bekasi,Jawa Barat,Silver,Regular,2025-07-04,True
261,CUS000261,Irwan,Budiman,Female,1974-07-19,gildaharyanto@example.net,+62-065-782-1286,Surabaya,Jawa Timur,Bronze,Loyal,2025-05-10,True
262,CUS000262,Hani,Maheswara,Male,1986-04-16,hastasaputra@example.com,+62 (795) 217-2690,Semarang,Jawa Tengah,Bronze,New,2025-02-23,True
263,CUS000263,Niyaga,Zulaika,Female,1993-09-11,dipanasyiah@example.org,+62 (000) 762 2637,Medan,Sumatera Utara,Silver,Regular,2026-03-26,True
264,CUS000264,Laila,Susanti,Male,1976-09-18,warji75@example.net,080 668 1113,Bekasi,Jawa Barat,Gold,Regular,2026-06-12,False
265,CUS000265,Edward,Fujiati,Female,2001-10-13,winarnolidya@example.com,+62 (034) 226-8606,Makassar,Sulawesi Selatan,Silver,Loyal,2026-02-01,True
266,CUS000266,Harimurti,Iswahyudi,Male,1992-05-30,waluyoembuh@example.net,083 708 0851,Medan,Sumatera Utara,Silver,New,2023-12-05,False
267,CUS000267,Samiah,Nashiruddin,Female,1989-03-22,csuryono@example.net,+62 (538) 865 6704,Medan,Sumatera Utara,Silver,Loyal,2024-11-17,False
268,CUS000268,Uchita,Hakim,Male,1990-07-21,fastuti@example.org,(015) 505 6106,Bogor,Jawa Barat,Silver,Regular,2025-01-02,False
269,CUS000269,Praba,Mandasari,Male,1998-12-09,suryatmiwulan@example.org,+62 (029) 591 2703,Bogor,Jawa Barat,Gold,Regular,2025-04-06,True
270,CUS000270,Lala,Tarihoran,Female,1998-04-08,asirwandayuniar@example.org,+62 (453) 193 6048,Makassar,Sulawesi Selatan,Bronze,Loyal,2024-07-20,True
271,CUS000271,Rini,Purwanti,Male,1968-09-08,ella88@example.com,(054) 252 1221,Bandung,Jawa Barat,Bronze,Regular,2025-11-01,True
272,CUS000272,Siska,Suartini,Male,1973-10-06,diahardianto@example.com,+62 (0634) 054-1595,Yogyakarta,DI Yogyakarta,Bronze,Regular,2023-09-23,True
273,CUS000273,Najwa,Puspita,Female,2004-02-13,sabri13@example.com,(090) 650-3079,Bekasi,Jawa Barat,Gold,Loyal,2026-03-10,True
274,CUS000274,Nrima,Manullang,Female,2001-12-02,bagiya44@example.net,+62 (062) 864 0149,Semarang,Jawa Tengah,Bronze,VIP,2024-09-15,True
275,CUS000275,Balamantri,Prasetyo,Female,1980-04-18,nrimaramadan@example.com,(0276) 700-1739,Surabaya,Jawa Timur,Bronze,Loyal,2025-06-12,False
276,CUS000276,Ganep,Namaga,Male,2007-02-18,gatotuyainah@example.net,(0459) 660-3879,Medan,Sumatera Utara,Silver,Loyal,2025-08-16,True
277,CUS000277,Mulya,Ardianto,Female,1977-02-15,daruna97@example.net,(030) 853-7879,Jakarta,DKI Jakarta,Bronze,VIP,2025-04-08,True
278,CUS000278,Radika,Namaga,Male,2008-05-11,myuniar@example.net,+62 (047) 897-6032,Denpasar,Bali,Gold,Regular,2026-04-20,True
279,CUS000279,Maman,Sirait,Male,1975-07-15,asmadi62@example.org,+62 (0858) 646-3113,Bekasi,Jawa Barat,Silver,New,2024-12-02,False
280,CUS000280,Candrakanta,Lestari,Male,1981-08-30,jane24@example.org,+62-055-938-6130,Bandung,Jawa Barat,Bronze,New,2023-11-18,True
281,CUS000281,Makuta,Nainggolan,Male,1989-10-23,kutami@example.com,(073) 328-6540,Bekasi,Jawa Barat,Silver,New,2024-11-20,True
282,CUS000282,Nugraha,Haryanti,Male,2002-10-08,qsaputra@example.org,+62 (700) 217 5840,Bandung,Jawa Barat,Gold,Loyal,2023-12-29,True
283,CUS000283,Karma,Sudiati,Male,1977-01-11,dasa55@example.com,+62 (16) 138-6571,Bandung,Jawa Barat,Silver,Regular,2023-08-09,True
284,CUS000284,Ajimin,Prasetya,Male,2001-07-08,vanya71@example.net,082 720 9872,Bandung,Jawa Barat,Bronze,New,2024-11-22,True
285,CUS000285,Arta,Pertiwi,Female,2004-04-15,ynainggolan@example.org,+62 (31) 973 5638,Yogyakarta,DI Yogyakarta,Gold,New,2025-04-10,True
286,CUS000286,Prasetyo,Tamba,Male,2005-07-14,ghani57@example.org,+62 (047) 558-3731,Jakarta,DKI Jakarta,Silver,VIP,2026-01-09,True
287,CUS000287,Gamanto,Siregar,Female,1973-03-23,warsa03@example.org,+62 (22) 406-6479,Bekasi,Jawa Barat,Gold,Loyal,2026-06-22,True
288,CUS000288,Ana,Anggriawan,Female,1987-07-12,kurniawanasmuni@example.com,+62-423-910-7558,Yogyakarta,DI Yogyakarta,Silver,Regular,2023-11-12,True
289,CUS000289,Cahyo,Maulana,Female,2005-11-17,sastuti@example.net,084 373 6676,Surabaya,Jawa Timur,Bronze,VIP,2025-07-14,False
290,CUS000290,Panji,Lailasari,Male,1971-07-13,rajasasabri@example.com,(052) 983 3969,Bandung,Jawa Barat,Bronze,Regular,2024-07-20,False
291,CUS000291,Ihsan,Prasasta,Female,1981-10-08,umaylailasari@example.net,(028) 294-3971,Surabaya,Jawa Timur,Bronze,New,2023-11-13,True
292,CUS000292,Ida,Maulana,Female,1978-09-19,titinpranowo@example.org,(032) 033 0586,Bekasi,Jawa Barat,Silver,Regular,2025-02-21,True
293,CUS000293,Kania,Ardianto,Female,1969-02-16,kajensuryono@example.net,+62 (82) 914 4710,Yogyakarta,DI Yogyakarta,Gold,Regular,2025-05-20,True
294,CUS000294,Samiah,Astuti,Male,1984-11-22,jfirmansyah@example.com,+62 (17) 429-7995,Semarang,Jawa Tengah,Gold,New,2024-07-09,True
295,CUS000295,Gaduh,Nashiruddin,Male,2004-08-03,zulaikairwan@example.org,+62-68-606-6064,Bandung,Jawa Barat,Gold,Regular,2025-05-29,True
296,CUS000296,Harsanto,Susanti,Male,1984-06-13,jatimahendra@example.net,+62 (011) 443 6452,Bekasi,Jawa Barat,Gold,New,2024-09-19,True
297,CUS000297,Hari,Kusumo,Female,1968-11-26,wharyanto@example.net,+62 (268) 393-1655,Bandung,Jawa Barat,Gold,Loyal,2024-12-24,True
298,CUS000298,Satya,Nuraini,Female,1979-03-21,ilyasmarbun@example.com,+62 (62) 219 4490,Bandung,Jawa Barat,Bronze,Loyal,2025-02-02,True
299,CUS000299,Irnanto,Sirait,Male,1969-05-11,balamantri61@example.org,+62 (058) 407 0168,Denpasar,Bali,Silver,Loyal,2025-02-25,False
300,CUS000300,Gamanto,Padmasari,Female,1994-07-27,cakrabuanaadriansyah@example.net,+62 (0588) 279 4322,Bandung,Jawa Barat,Bronze,New,2023-11-14,True
301,CUS000301,Hasim,Najmudin,Male,1968-11-03,simanjuntakcengkal@example.com,+62-578-589-6521,Bandung,Jawa Barat,Gold,Loyal,2025-12-22,True
302,CUS000302,Purwanto,Nuraini,Male,1960-07-28,lmaheswara@example.org,+62 (005) 686 7740,Bandung,Jawa Barat,Bronze,New,2026-05-01,True
303,CUS000303,Cinthia,Sinaga,Male,1964-11-09,wahyudinjessica@example.org,(0887) 498 7233,Jakarta,DKI Jakarta,Silver,Loyal,2026-02-27,True
304,CUS000304,Fathonah,Saragih,Male,2003-08-18,lestarikalim@example.net,+62 (130) 309-7144,Jakarta,DKI Jakarta,Bronze,Regular,2024-03-20,True
305,CUS000305,Tari,Sudiati,Female,1980-10-26,ridwanwidodo@example.net,+62 (09) 223 7134,Bandung,Jawa Barat,Silver,VIP,2024-05-23,False
306,CUS000306,Endah,Mandala,Male,1970-12-09,dwi03@example.org,0807961585,Jakarta,DKI Jakarta,Platinum,New,2025-06-16,True
307,CUS000307,Langgeng,Safitri,Female,1966-08-05,martana85@example.org,+62 (0457) 025-6926,Medan,Sumatera Utara,Bronze,Loyal,2024-09-03,True
308,CUS000308,Rahmi,Manullang,Male,1984-12-17,bahuwarna23@example.net,(0402) 916 4079,Jakarta,DKI Jakarta,Bronze,Regular,2025-07-15,False
309,CUS000309,Gaiman,Narpati,Male,2005-11-18,nashiruddintina@example.net,+62 (27) 431-1912,Medan,Sumatera Utara,Silver,Regular,2024-10-22,True
310,CUS000310,Malik,Siregar,Male,1977-04-15,yadriansyah@example.com,(072) 572-3489,Surabaya,Jawa Timur,Bronze,New,2024-04-27,True
311,CUS000311,Atmaja,Sinaga,Female,1981-04-19,nasyidahharjaya@example.com,+62 (491) 678 1736,Denpasar,Bali,Bronze,New,2025-02-15,True
312,CUS000312,Kasim,Sirait,Female,1965-04-02,ramadanvega@example.org,+62 (61) 883-4765,Bogor,Jawa Barat,Gold,Loyal,2024-11-11,True
313,CUS000313,Mutia,Sihombing,Female,1973-05-21,cecep17@example.net,+62-27-536-6183,Bandung,Jawa Barat,Platinum,Loyal,2026-03-17,True
314,CUS000314,Rahmat,Firmansyah,Female,1980-05-12,raden95@example.net,+62-068-032-1404,Medan,Sumatera Utara,Silver,Loyal,2025-10-09,True
315,CUS000315,Mala,Kuswandari,Female,1985-01-19,hartatiasirwanda@example.com,+62-091-150-9979,Makassar,Sulawesi Selatan,Silver,Regular,2026-06-03,True
316,CUS000316,Bella,Widodo,Male,1969-08-23,slatupono@example.org,+62-0952-207-5968,Bogor,Jawa Barat,Gold,New,2023-12-01,True
317,CUS000317,Raina,Melani,Male,2005-05-18,xharyanti@example.com,+62 (81) 059 6680,Jakarta,DKI Jakarta,Silver,Loyal,2025-10-26,True
318,CUS000318,Najwa,Yulianti,Male,2002-08-11,ekurniawan@example.net,+62-10-051-9335,Medan,Sumatera Utara,Bronze,Loyal,2025-12-10,True
319,CUS000319,Shakila,Napitupulu,Male,1994-07-30,eluh70@example.org,(0578) 196-2317,Bandung,Jawa Barat,Silver,Regular,2024-09-05,True
320,CUS000320,Praba,Laksita,Female,2008-02-13,wahyudincahyono@example.net,0890473190,Denpasar,Bali,Gold,Loyal,2024-08-31,True
321,CUS000321,Edi,Prasasta,Male,1969-06-03,koko71@example.org,+62 (05) 131-0534,Surabaya,Jawa Timur,Platinum,Loyal,2026-01-24,True
322,CUS000322,Utama,Hariyah,Male,1983-04-19,jaimansihotang@example.net,(016) 732 4083,Bandung,Jawa Barat,Gold,Regular,2025-06-27,True
323,CUS000323,Jaya,Padmasari,Female,1968-08-16,usafitri@example.com,+62 (0486) 961-7691,Semarang,Jawa Tengah,Platinum,VIP,2024-05-21,True
324,CUS000324,Siska,Narpati,Male,1988-01-06,emong98@example.org,+62-43-111-3237,Surabaya,Jawa Timur,Gold,Regular,2023-12-21,True
325,CUS000325,Unjani,Siregar,Male,1975-03-12,unurdiyanti@example.org,083 877 0644,Yogyakarta,DI Yogyakarta,Gold,VIP,2024-03-25,True
326,CUS000326,Damu,Yolanda,Female,1997-07-22,kuswandarikanda@example.org,0884624312,Surabaya,Jawa Timur,Gold,New,2023-11-25,True
327,CUS000327,Uchita,Widodo,Male,1980-09-15,opungnatsir@example.net,(084) 740 1858,Denpasar,Bali,Gold,Regular,2025-08-28,True
328,CUS000328,Vinsen,Hasanah,Female,1974-05-17,gpangestu@example.net,+62-029-337-4554,Surabaya,Jawa Timur,Platinum,Regular,2026-02-10,False
329,CUS000329,Ganjaran,Astuti,Female,1964-04-13,carub76@example.net,+62-069-374-4946,Bogor,Jawa Barat,Bronze,Loyal,2026-06-02,True
330,CUS000330,Indah,Saputra,Male,1991-02-22,mahdiiswahyudi@example.org,(064) 967-7171,Jakarta,DKI Jakarta,Bronze,Loyal,2026-07-08,False
331,CUS000331,Makuta,Dabukke,Male,1973-07-25,uprastuti@example.org,+62 (038) 739-2002,Yogyakarta,DI Yogyakarta,Gold,Regular,2025-04-14,True
332,CUS000332,Uchita,Mandala,Female,2008-04-08,aryanidartono@example.net,088 622 6716,Bogor,Jawa Barat,Silver,Regular,2025-05-29,False
333,CUS000333,Hartaka,Usamah,Male,2007-06-01,latika58@example.net,(044) 352-4164,Bekasi,Jawa Barat,Bronze,Regular,2026-01-02,True
334,CUS000334,Winda,Saefullah,Male,1992-11-15,winarsihcawisono@example.net,+62 (0169) 996-8442,Bogor,Jawa Barat,Silver,VIP,2025-09-16,True
335,CUS000335,Nilam,Damanik,Female,1971-06-10,srahmawati@example.net,(099) 630-9132,Jakarta,DKI Jakarta,Bronze,Loyal,2023-08-28,True
336,CUS000336,Ega,Sihotang,Female,1990-02-08,dasapalastri@example.com,0849271175,Jakarta,DKI Jakarta,Gold,Loyal,2024-09-24,True
337,CUS000337,Ibrahim,Kurniawan,Female,2001-04-23,ratna90@example.org,+62 (049) 341 3013,Semarang,Jawa Tengah,Silver,Loyal,2024-05-10,True
338,CUS000338,Warji,Pradipta,Male,2003-11-07,rahmiyuniar@example.com,+62-796-915-3499,Bandung,Jawa Barat,Bronze,Loyal,2025-10-13,False
339,CUS000339,Mahdi,Hutagalung,Male,1989-08-29,laksitaprasetyo@example.org,(076) 113-6243,Jakarta,DKI Jakarta,Bronze,Regular,2023-10-11,True
340,CUS000340,Uchita,Utami,Male,1968-10-13,dongoranargono@example.com,(0064) 840-7606,Bandung,Jawa Barat,Bronze,VIP,2025-08-15,False
341,CUS000341,Langgeng,Anggriawan,Female,2003-05-29,itamba@example.net,(0065) 031-5791,Bekasi,Jawa Barat,Silver,Regular,2024-04-19,False
342,CUS000342,Banawa,Agustina,Female,1983-09-12,hamzah56@example.org,(0916) 178-4842,Bandung,Jawa Barat,Bronze,Loyal,2026-01-10,True
343,CUS000343,Warsa,Utami,Male,1969-06-13,wisnunasyidah@example.net,+62-0857-110-0498,Semarang,Jawa Tengah,Bronze,Loyal,2024-09-18,False
344,CUS000344,Tina,Novitasari,Female,1966-12-17,eko99@example.net,+62 (0648) 375-0083,Bogor,Jawa Barat,Bronze,Regular,2023-12-06,False
345,CUS000345,Ghani,Prasasta,Female,1967-08-30,gatotusada@example.org,+62-007-835-9600,Makassar,Sulawesi Selatan,Bronze,Regular,2024-06-29,True
346,CUS000346,Karman,Jailani,Male,1992-10-22,gamblangsitompul@example.org,+62 (034) 030-2396,Makassar,Sulawesi Selatan,Bronze,New,2025-08-06,True
347,CUS000347,Raisa,Januar,Female,1979-11-25,uyolanda@example.com,+62-091-751-7277,Bogor,Jawa Barat,Platinum,Regular,2025-06-21,True
348,CUS000348,Gamblang,Saputra,Female,1996-05-06,wacanaoskar@example.org,084 817 1774,Makassar,Sulawesi Selatan,Gold,Loyal,2025-03-23,True
349,CUS000349,Caturangga,Usamah,Male,2007-05-28,cici44@example.org,+62-77-558-4058,Yogyakarta,DI Yogyakarta,Silver,Loyal,2025-06-03,True
350,CUS000350,Endra,Mansur,Male,1967-02-28,tambamahesa@example.com,083 708 3003,Denpasar,Bali,Bronze,Regular,2025-04-25,True
351,CUS000351,Cemplunk,Mandasari,Female,1974-08-25,ramasaragih@example.net,+62-064-759-8724,Medan,Sumatera Utara,Gold,Loyal,2026-05-04,True
352,CUS000352,Eko,Mardhiyah,Female,1984-11-22,kamarianababan@example.net,+62 (0240) 488-4545,Bandung,Jawa Barat,Bronze,Loyal,2024-03-28,True
353,CUS000353,Muni,Saptono,Male,1996-11-22,bmandala@example.com,+62-94-009-8332,Denpasar,Bali,Silver,Loyal,2024-06-20,True
354,CUS000354,Halim,Hariyah,Female,1970-12-21,natsircarub@example.com,+62 (037) 072 4889,Medan,Sumatera Utara,Silver,Regular,2025-12-22,True
355,CUS000355,Betania,Dabukke,Male,1993-07-07,jamalia59@example.com,+62 (360) 074 6330,Bekasi,Jawa Barat,Gold,New,2023-12-24,False
356,CUS000356,Bakiman,Usada,Male,1962-08-08,safina90@example.net,+62 (0526) 288 7612,Bekasi,Jawa Barat,Gold,Regular,2024-10-25,False
357,CUS000357,Dodo,Hutapea,Female,1982-08-26,narpatimanah@example.com,080 380 0274,Bogor,Jawa Barat,Bronze,Loyal,2025-04-04,True
358,CUS000358,Maryadi,Marbun,Male,1988-05-10,darijan17@example.net,088 189 4637,Makassar,Sulawesi Selatan,Bronze,Regular,2026-02-24,False
359,CUS000359,Daruna,Yuniar,Male,1992-02-11,pudjiastutisaadat@example.com,+62-52-230-8796,Makassar,Sulawesi Selatan,Gold,Loyal,2025-06-10,True
360,CUS000360,Jaka,Mahendra,Male,1987-08-09,rainanurdiyanti@example.org,+62 (32) 201 7840,Denpasar,Bali,Silver,Loyal,2024-10-21,True
361,CUS000361,Irfan,Saragih,Female,1995-02-09,gsudiati@example.com,+62-234-912-9774,Jakarta,DKI Jakarta,Silver,Regular,2025-01-03,True
362,CUS000362,Ivan,Pranowo,Female,1967-01-22,ardiantobalidin@example.net,+62-862-823-5221,Makassar,Sulawesi Selatan,Silver,VIP,2023-11-05,True
363,CUS000363,Jinawi,Hassanah,Female,1980-08-07,viktorpermata@example.com,+62 (001) 062 4385,Yogyakarta,DI Yogyakarta,Silver,Loyal,2024-10-30,True
364,CUS000364,Paiman,Simbolon,Male,1982-12-28,rinikuswandari@example.org,+62 (0003) 773 8952,Bogor,Jawa Barat,Gold,New,2025-09-23,True
365,CUS000365,Legawa,Tarihoran,Male,1986-08-19,kairavmanullang@example.net,+62-0954-533-0567,Surabaya,Jawa Timur,Bronze,Loyal,2025-10-31,False
366,CUS000366,Carla,Mandala,Male,1994-11-04,pratiwigaiman@example.com,+62 (057) 280-6439,Medan,Sumatera Utara,Bronze,Regular,2026-04-01,False
367,CUS000367,Tantri,Siregar,Female,1970-05-22,hpadmasari@example.net,087 697 4712,Semarang,Jawa Tengah,Silver,Loyal,2023-09-03,True
368,CUS000368,Ihsan,Yuniar,Female,1986-12-24,uyainahcengkal@example.org,+62-033-220-5811,Bekasi,Jawa Barat,Bronze,Regular,2025-12-20,True
369,CUS000369,Ikhsan,Sinaga,Male,2003-01-12,salimah21@example.net,(0208) 821-8273,Bogor,Jawa Barat,Gold,Regular,2025-06-16,True
370,CUS000370,Keisha,Puspasari,Male,1998-11-13,ilaksmiwati@example.net,+62 (0690) 975 0113,Yogyakarta,DI Yogyakarta,Bronze,New,2025-09-16,True
371,CUS000371,Ian,Iswahyudi,Female,1961-02-06,rkusmawati@example.net,(0850) 975 8154,Medan,Sumatera Utara,Platinum,VIP,2025-05-31,True
372,CUS000372,Ganda,Napitupulu,Female,1999-01-02,gara07@example.com,+62-89-228-7749,Bogor,Jawa Barat,Bronze,Regular,2024-01-11,False
373,CUS000373,Fathonah,Kusumo,Female,2003-01-26,raden70@example.net,+62 (0619) 030-5304,Surabaya,Jawa Timur,Silver,Loyal,2024-08-05,False
374,CUS000374,Mulya,Handayani,Male,1961-04-09,hwulandari@example.org,083 314 7456,Medan,Sumatera Utara,Gold,Loyal,2024-09-03,False
375,CUS000375,Galar,Kuswandari,Male,1961-05-12,lulut07@example.com,+62-015-389-9804,Surabaya,Jawa Timur,Bronze,VIP,2026-06-23,True
376,CUS000376,Vera,Agustina,Female,1987-05-29,nainggolanrini@example.org,(0791) 250-8584,Bekasi,Jawa Barat,Silver,Regular,2026-06-18,False
377,CUS000377,Paiman,Putra,Female,1989-06-04,fitriani92@example.com,+62-0034-501-5697,Medan,Sumatera Utara,Silver,Regular,2026-01-18,True
378,CUS000378,Vinsen,Rahimah,Female,1998-09-30,titiriyanti@example.com,+62 (0198) 319 7774,Denpasar,Bali,Bronze,Regular,2023-11-18,True
379,CUS000379,Emas,Najmudin,Female,2006-05-03,usmannababan@example.com,+62-054-430-2249,Bogor,Jawa Barat,Gold,Regular,2024-07-22,False
380,CUS000380,Wawan,Mayasari,Male,2007-12-21,akarsanawidodo@example.com,0864758730,Bogor,Jawa Barat,Silver,Loyal,2025-09-19,False
381,CUS000381,Timbul,Sinaga,Male,2007-09-23,sitompullasmanto@example.org,+62-033-167-6813,Denpasar,Bali,Bronze,Loyal,2025-03-05,True
382,CUS000382,Eluh,Farida,Male,1975-10-10,thandayani@example.com,(058) 827 2953,Makassar,Sulawesi Selatan,Silver,Regular,2023-11-09,True
383,CUS000383,Daliono,Marpaung,Female,1970-10-08,lsaputra@example.org,(0320) 715 8859,Makassar,Sulawesi Selatan,Bronze,New,2023-09-28,False
384,CUS000384,Irnanto,Yolanda,Male,1966-01-10,zhalimah@example.net,(035) 602-5696,Surabaya,Jawa Timur,Bronze,New,2026-05-17,True
385,CUS000385,Makuta,Kusmawati,Female,1974-03-05,gamanto05@example.org,+62 (078) 763 4214,Denpasar,Bali,Silver,Loyal,2023-09-12,False
386,CUS000386,Makara,Mandasari,Female,1961-03-13,dirja45@example.net,+62 (216) 528-2752,Bandung,Jawa Barat,Silver,Regular,2023-09-23,False
387,CUS000387,Galiono,Tampubolon,Male,2000-05-22,bsalahudin@example.org,084 071 4284,Jakarta,DKI Jakarta,Bronze,Regular,2025-10-23,False
388,CUS000388,Artanto,Megantara,Male,2000-03-27,julia98@example.net,(016) 643-9748,Jakarta,DKI Jakarta,Bronze,VIP,2024-06-11,False
389,CUS000389,Bagus,Uwais,Female,2002-07-22,akarsana01@example.org,+62 (090) 052 9909,Jakarta,DKI Jakarta,Gold,Loyal,2023-07-31,True
390,CUS000390,Balapati,Sihotang,Male,1982-06-29,swahyuni@example.net,(028) 258-3090,Semarang,Jawa Tengah,Silver,New,2024-06-03,True
391,CUS000391,Martaka,Maryati,Male,1977-08-23,sjailani@example.com,+62-0373-437-3691,Bogor,Jawa Barat,Silver,VIP,2024-11-04,True
392,CUS000392,Siti,Namaga,Female,1986-08-31,jumari37@example.net,+62-30-624-7306,Semarang,Jawa Tengah,Silver,Loyal,2024-04-28,True
393,CUS000393,Vivi,Yuniar,Female,1991-11-30,bakda38@example.org,(012) 376-6510,Surabaya,Jawa Timur,Gold,Regular,2024-12-28,False
394,CUS000394,Genta,Pradipta,Female,1997-09-30,suci79@example.com,(0756) 730-9219,Jakarta,DKI Jakarta,Bronze,New,2023-08-31,True
395,CUS000395,Citra,Prayoga,Male,1960-08-23,asirwadakuswandari@example.com,+62 (61) 967-0102,Surabaya,Jawa Timur,Silver,Loyal,2025-10-19,False
396,CUS000396,Bancar,Saputra,Female,1989-05-26,ameliawinarno@example.org,(0127) 413-3628,Bandung,Jawa Barat,Gold,Loyal,2023-10-08,True
397,CUS000397,Drajat,Wijayanti,Female,1990-12-04,halimahbakijan@example.com,+62 (0854) 564-6572,Medan,Sumatera Utara,Bronze,New,2024-05-12,True
398,CUS000398,Zahra,Purwanti,Male,1987-05-03,nashiruddindarmaji@example.com,+62-005-537-8748,Yogyakarta,DI Yogyakarta,Bronze,New,2026-03-13,True
399,CUS000399,Wage,Januar,Male,1980-11-27,usyiyulianti@example.org,(0954) 254 4097,Bandung,Jawa Barat,Silver,Regular,2025-10-06,True
400,CUS000400,Raharja,Samosir,Male,2005-03-06,suryamandala@example.org,+62 (630) 281 9824,Yogyakarta,DI Yogyakarta,Bronze,Regular,2024-01-04,False
401,CUS000401,Maman,Dongoran,Male,1994-08-04,wahyudinrini@example.org,(0113) 235-8132,Medan,Sumatera Utara,Bronze,Regular,2026-01-02,True
402,CUS000402,Ulva,Rahmawati,Male,1989-03-09,hartanahutasoit@example.com,+62 (082) 450 0198,Surabaya,Jawa Timur,Gold,New,2024-12-18,True
403,CUS000403,Nasim,Lestari,Female,1999-04-14,zyulianti@example.org,+62-56-615-0978,Semarang,Jawa Tengah,Gold,Loyal,2026-06-02,False
404,CUS000404,Martana,Nashiruddin,Male,2000-11-06,ozulaika@example.com,(0405) 083-7853,Jakarta,DKI Jakarta,Platinum,Regular,2024-11-27,True
405,CUS000405,Kemba,Kuswoyo,Female,2001-09-15,wpurwanti@example.com,+62-042-352-2653,Bogor,Jawa Barat,Silver,Regular,2024-04-07,True
406,CUS000406,Tri,Simanjuntak,Male,1969-08-06,heryantomansur@example.com,085 443 0112,Yogyakarta,DI Yogyakarta,Bronze,Regular,2025-03-09,True
407,CUS000407,Gandi,Zulaika,Male,1999-05-23,twibisono@example.com,+62 (08) 415-9129,Denpasar,Bali,Silver,Loyal,2023-09-08,False
408,CUS000408,Usman,Safitri,Male,1996-12-02,kuswoyojindra@example.net,+62-085-666-3319,Yogyakarta,DI Yogyakarta,Gold,Loyal,2025-12-10,True
409,CUS000409,Elvin,Damanik,Female,1997-06-19,baktiono49@example.net,+62 (30) 634-2507,Denpasar,Bali,Silver,New,2025-04-23,True
410,CUS000410,Hasta,Sihotang,Female,1996-10-26,pranata50@example.org,+62-026-345-2354,Medan,Sumatera Utara,Silver,Loyal,2024-09-05,True
411,CUS000411,Winda,Setiawan,Female,1975-09-27,wahyuwahyudin@example.com,+62-601-248-6128,Denpasar,Bali,Gold,Regular,2023-11-30,True
412,CUS000412,Slamet,Ramadan,Female,1974-03-24,mulyanicatur@example.com,(0761) 715 3302,Medan,Sumatera Utara,Gold,New,2026-03-27,False
413,CUS000413,Labuh,Mustofa,Male,1999-10-20,sihotangajiman@example.com,+62 (038) 320-3826,Bandung,Jawa Barat,Bronze,Loyal,2025-05-26,True
414,CUS000414,Darmaji,Permata,Female,2005-05-26,cpangestu@example.net,+62 (072) 922 3508,Surabaya,Jawa Timur,Platinum,Regular,2024-01-11,True
415,CUS000415,Humaira,Rajata,Male,1971-06-13,tari45@example.com,+62 (0106) 752-8487,Surabaya,Jawa Timur,Bronze,New,2024-03-03,True
416,CUS000416,Maryadi,Ramadan,Male,2003-07-28,csaragih@example.com,+62-14-631-8158,Surabaya,Jawa Timur,Gold,Loyal,2024-08-12,True
417,CUS000417,Estiono,Usada,Male,1974-12-01,umayasuryatmi@example.org,(0302) 887-0371,Yogyakarta,DI Yogyakarta,Gold,New,2023-12-02,True
418,CUS000418,Yusuf,Pudjiastuti,Male,1973-02-06,vnasyiah@example.org,+62 (0460) 216 6155,Bandung,Jawa Barat,Gold,VIP,2026-07-14,True
419,CUS000419,Wardaya,Waluyo,Female,1981-02-24,luthfi02@example.com,(0052) 890-0520,Bandung,Jawa Barat,Gold,Loyal,2025-03-05,False
420,CUS000420,Tantri,Wasita,Male,1992-02-19,iansetiawan@example.org,0852298229,Medan,Sumatera Utara,Platinum,Loyal,2023-10-05,True
421,CUS000421,Mustika,Nababan,Male,1971-07-26,muhammadsafitri@example.com,+62 (100) 370 2563,Jakarta,DKI Jakarta,Bronze,New,2024-01-03,True
422,CUS000422,Viman,Saptono,Female,1983-10-13,adriansyahirfan@example.org,+62-71-905-1104,Jakarta,DKI Jakarta,Platinum,Regular,2026-05-06,False
423,CUS000423,Cemeti,Nasyidah,Male,1986-05-29,kasiranlaksmiwati@example.com,+62 (551) 850 7046,Surabaya,Jawa Timur,Silver,Loyal,2024-12-06,True
424,CUS000424,Ismail,Haryanto,Female,1985-02-14,nabila00@example.net,+62-026-695-0199,Yogyakarta,DI Yogyakarta,Bronze,Loyal,2025-03-07,True
425,CUS000425,Makuta,Hutasoit,Female,1976-05-11,hafshahpradana@example.net,+62 (068) 302 2429,Bandung,Jawa Barat,Platinum,Loyal,2023-11-07,True
426,CUS000426,Prabawa,Saptono,Male,1994-06-05,wira27@example.com,+62 (030) 857-4412,Semarang,Jawa Tengah,Silver,Loyal,2023-12-24,True
427,CUS000427,Drajat,Nainggolan,Male,1990-06-11,nainggolaniriana@example.com,(032) 950-8780,Semarang,Jawa Tengah,Bronze,VIP,2024-02-23,True
428,CUS000428,Rachel,Sinaga,Female,1968-10-06,samsul31@example.net,+62-322-118-8749,Medan,Sumatera Utara,Platinum,Loyal,2024-11-14,False
429,CUS000429,Lembah,Novitasari,Female,1988-06-18,xhandayani@example.org,+62-870-439-4842,Bogor,Jawa Barat,Platinum,New,2025-08-23,True
430,CUS000430,Langgeng,Safitri,Female,1988-05-22,mursinin36@example.com,+62-0250-291-6332,Surabaya,Jawa Timur,Silver,Regular,2024-08-23,True
431,CUS000431,Padmi,Saputra,Male,1992-10-29,mamanmustofa@example.net,+62 (524) 214-9326,Jakarta,DKI Jakarta,Bronze,New,2024-08-24,False
432,CUS000432,Galiono,Nurdiyanti,Female,1973-09-03,vwinarsih@example.org,+62 (211) 261-0010,Bandung,Jawa Barat,Bronze,Loyal,2024-07-01,True
433,CUS000433,Kayun,Riyanti,Male,1993-04-11,widyagunarto@example.net,+62 (037) 434 4353,Semarang,Jawa Tengah,Bronze,New,2024-11-27,True
434,CUS000434,Hasna,Maulana,Female,1998-04-04,maryatikoko@example.net,+62-845-442-0621,Bekasi,Jawa Barat,Bronze,Regular,2026-01-07,True
435,CUS000435,Warsa,Farida,Female,1985-01-26,hartojailani@example.com,(047) 275 5079,Bekasi,Jawa Barat,Bronze,Regular,2026-07-13,True
436,CUS000436,Cahyono,Rahimah,Female,2000-02-25,faridarahman@example.com,+62 (590) 055-3599,Semarang,Jawa Tengah,Bronze,New,2025-09-04,True
437,CUS000437,Nilam,Palastri,Male,1972-09-14,fmaulana@example.net,+62-066-801-4000,Bandung,Jawa Barat,Bronze,Regular,2025-05-24,True
438,CUS000438,Patricia,Kuswoyo,Male,1984-08-05,kamalhardiansyah@example.net,+62 (0883) 507-3783,Bandung,Jawa Barat,Bronze,Regular,2025-04-12,True
439,CUS000439,Hesti,Hastuti,Male,1987-02-19,latuponogaluh@example.org,+62 (216) 885-8292,Bekasi,Jawa Barat,Gold,Regular,2025-11-28,True
440,CUS000440,Karna,Maheswara,Female,1967-09-27,pardi51@example.net,(053) 708-6511,Jakarta,DKI Jakarta,Silver,Loyal,2025-07-08,False
441,CUS000441,Karman,Yuniar,Female,1999-10-16,wijayantigilang@example.org,(069) 278 6327,Makassar,Sulawesi Selatan,Bronze,Regular,2024-06-20,True
442,CUS000442,Luis,Pratama,Female,1970-05-20,usuryatmi@example.org,(0730) 108 8322,Makassar,Sulawesi Selatan,Bronze,Loyal,2025-05-24,False
443,CUS000443,Jindra,Simbolon,Female,1971-05-18,sudiatikenari@example.org,+62-85-331-3873,Makassar,Sulawesi Selatan,Bronze,Regular,2026-05-05,False
444,CUS000444,Ivan,Rajasa,Female,2004-11-05,emansur@example.net,+62 (77) 393 6747,Denpasar,Bali,Silver,Loyal,2024-10-31,True
445,CUS000445,Samiah,Hutasoit,Female,1974-01-01,hpermadi@example.net,+62 (116) 421 3906,Jakarta,DKI Jakarta,Gold,Loyal,2024-12-05,True
446,CUS000446,Yoga,Marbun,Female,1989-04-24,yunikurniawan@example.net,+62-133-415-7294,Denpasar,Bali,Gold,Regular,2025-08-09,True
447,CUS000447,Faizah,Sirait,Female,1968-09-29,utamayahya@example.com,+62 (143) 606-5882,Bekasi,Jawa Barat,Silver,Regular,2024-11-05,True
448,CUS000448,Jefri,Zulaika,Male,1974-07-04,hastapangestu@example.org,(024) 885-5159,Semarang,Jawa Tengah,Silver,New,2024-12-25,True
449,CUS000449,Gaman,Setiawan,Male,1987-01-23,wibisonowira@example.org,(005) 657-3387,Yogyakarta,DI Yogyakarta,Bronze,New,2025-05-01,True
450,CUS000450,Mahmud,Padmasari,Female,1992-08-04,galangsaputra@example.org,+62 (75) 849 4542,Semarang,Jawa Tengah,Gold,Loyal,2025-08-07,True
451,CUS000451,Gantar,Jailani,Male,2003-03-13,michellemangunsong@example.com,(095) 569-0680,Surabaya,Jawa Timur,Bronze,Regular,2025-05-27,True
452,CUS000452,Cengkir,Susanti,Female,1975-01-22,megantaraozy@example.com,+62-571-109-8591,Bandung,Jawa Barat,Gold,Loyal,2024-03-01,True
453,CUS000453,Kariman,Sihombing,Female,1983-10-08,kurniawanendah@example.net,(0247) 943-3284,Bekasi,Jawa Barat,Bronze,Regular,2024-01-31,True
454,CUS000454,Akarsana,Januar,Male,1991-01-13,nriyanti@example.net,(0222) 244-5940,Bandung,Jawa Barat,Bronze,VIP,2025-06-03,True
455,CUS000455,Eja,Purwanti,Female,2004-07-23,nugrohomahesa@example.com,+62 (61) 688-5732,Bogor,Jawa Barat,Bronze,VIP,2024-02-29,True
456,CUS000456,Harimurti,Putra,Male,1983-11-22,ewibowo@example.net,+62 (045) 662 2156,Medan,Sumatera Utara,Silver,Loyal,2024-01-10,False
457,CUS000457,Gandi,Ramadan,Male,1961-07-21,alikahalim@example.com,+62 (28) 010 4237,Bogor,Jawa Barat,Bronze,New,2025-05-01,True
458,CUS000458,Laras,Manullang,Male,1966-09-17,karsana97@example.com,(0576) 766 3129,Bekasi,Jawa Barat,Bronze,Regular,2026-02-18,True
459,CUS000459,Jefri,Ardianto,Female,1975-11-02,putrifarida@example.org,+62 (036) 419 9771,Bandung,Jawa Barat,Silver,VIP,2024-02-19,False
460,CUS000460,Endra,Yuliarti,Female,1991-09-01,isimbolon@example.net,+62 (29) 229-5528,Makassar,Sulawesi Selatan,Gold,New,2025-11-28,False
461,CUS000461,Luwes,Natsir,Female,1961-06-12,esitorus@example.net,+62 (088) 846-3172,Surabaya,Jawa Timur,Silver,Regular,2026-06-17,True
462,CUS000462,Julia,Puspita,Female,1995-05-16,wputra@example.net,+62-25-949-9647,Jakarta,DKI Jakarta,Bronze,Loyal,2024-05-30,True
463,CUS000463,Darimin,Puspita,Female,2003-12-12,situmorangjarwadi@example.com,(0147) 995-1586,Medan,Sumatera Utara,Bronze,Loyal,2024-10-17,True
464,CUS000464,Luthfi,Samosir,Female,1975-06-14,megantaradalima@example.com,+62-077-456-1979,Jakarta,DKI Jakarta,Gold,Loyal,2026-03-04,True
465,CUS000465,Balamantri,Zulaika,Female,1986-12-29,makutamahendra@example.net,080 965 0230,Semarang,Jawa Tengah,Bronze,Regular,2024-11-08,True
466,CUS000466,Laksana,Winarno,Male,1982-09-19,bakijan07@example.net,+62 (498) 530 1457,Bekasi,Jawa Barat,Gold,Loyal,2025-06-19,True
467,CUS000467,Shakila,Pertiwi,Male,1996-03-08,rudiriyanti@example.com,+62 (57) 225 1476,Bogor,Jawa Barat,Bronze,Regular,2026-02-25,False
468,CUS000468,Rangga,Pudjiastuti,Male,2002-08-31,cpermata@example.com,(092) 104-7315,Yogyakarta,DI Yogyakarta,Bronze,Regular,2026-03-26,True
469,CUS000469,Kayun,Habibi,Female,1975-11-26,ltampubolon@example.org,+62 (055) 296-0206,Medan,Sumatera Utara,Silver,Loyal,2024-11-30,True
470,CUS000470,Jabal,Hakim,Male,1981-01-29,rajasadarimin@example.net,+62 (61) 083-7914,Bekasi,Jawa Barat,Silver,Regular,2025-11-15,True
471,CUS000471,Eka,Wulandari,Female,1980-11-05,ella55@example.org,+62-34-421-2344,Bekasi,Jawa Barat,Gold,New,2025-11-27,False
472,CUS000472,Yulia,Natsir,Male,2007-10-16,gildanarpati@example.net,+62 (0879) 797-1371,Semarang,Jawa Tengah,Bronze,Regular,2025-08-25,False
473,CUS000473,Galuh,Farida,Male,1965-01-26,kamidin97@example.com,+62-550-753-5156,Denpasar,Bali,Bronze,New,2024-03-03,True
474,CUS000474,Asmianto,Yuniar,Female,1990-11-19,emilhidayanto@example.net,0831488557,Surabaya,Jawa Timur,Bronze,Regular,2025-12-03,True
475,CUS000475,Emong,Damanik,Male,2003-09-12,januarfitriani@example.net,(016) 652-5514,Bandung,Jawa Barat,Gold,VIP,2026-04-05,True
476,CUS000476,Wardi,Siregar,Male,1997-01-04,julimelani@example.net,+62 (906) 878 8634,Medan,Sumatera Utara,Bronze,Regular,2026-06-21,False
477,CUS000477,Rahmi,Mardhiyah,Male,1983-02-10,amihutasoit@example.com,088 155 4767,Semarang,Jawa Tengah,Bronze,Loyal,2024-04-30,True
478,CUS000478,Kawaya,Kuswoyo,Female,1972-02-22,mahendramargana@example.net,+62 (052) 617-5067,Makassar,Sulawesi Selatan,Silver,Loyal,2024-12-01,False
479,CUS000479,Raden,Utama,Female,1960-09-12,harimurti30@example.net,+62 (0520) 551-2061,Jakarta,DKI Jakarta,Gold,Loyal,2025-01-28,True
480,CUS000480,Upik,Wastuti,Male,1974-10-26,futama@example.org,0884721677,Surabaya,Jawa Timur,Gold,Regular,2024-02-11,True
481,CUS000481,Pranawa,Sihombing,Male,1998-06-14,anggrainidimas@example.org,+62 (0148) 214 8779,Semarang,Jawa Tengah,Bronze,Regular,2025-04-11,True
482,CUS000482,Kani,Megantara,Male,2007-03-20,sihombingratna@example.net,(056) 387-9717,Bogor,Jawa Barat,Bronze,New,2025-03-22,True
483,CUS000483,Cecep,Rajasa,Male,1991-10-19,hassanahbaktianto@example.com,0826425753,Jakarta,DKI Jakarta,Bronze,Regular,2024-08-20,True
484,CUS000484,Bakda,Rahayu,Female,1998-07-28,ywacana@example.org,+62-0150-049-9342,Jakarta,DKI Jakarta,Silver,Regular,2024-08-13,True
485,CUS000485,Embuh,Rahmawati,Female,2000-03-29,tzulkarnain@example.net,+62 (0909) 934-9488,Yogyakarta,DI Yogyakarta,Gold,Regular,2025-10-25,True
486,CUS000486,Agus,Oktaviani,Male,1967-06-17,muni22@example.org,+62 (020) 485-8317,Medan,Sumatera Utara,Platinum,New,2023-08-09,False
487,CUS000487,Puti,Suwarno,Male,2004-08-04,wibowosilvia@example.net,080 622 5277,Jakarta,DKI Jakarta,Platinum,Regular,2025-11-25,True
488,CUS000488,Amelia,Safitri,Female,1972-02-01,adriansyahhardi@example.net,+62 (668) 558 4253,Jakarta,DKI Jakarta,Silver,New,2026-01-10,True
489,CUS000489,Dian,Santoso,Male,1967-04-06,galionosihotang@example.org,(009) 390-0749,Bogor,Jawa Barat,Silver,New,2024-10-05,True
490,CUS000490,Atma,Hutagalung,Female,1967-06-30,kasimwinarno@example.net,+62 (527) 288-1780,Jakarta,DKI Jakarta,Gold,New,2025-02-20,True
491,CUS000491,Cengkir,Prasetyo,Female,1974-09-27,raditya40@example.org,(0218) 142 5217,Bandung,Jawa Barat,Platinum,Loyal,2024-07-11,True
492,CUS000492,Limar,Wasita,Male,2004-09-18,harjalestari@example.com,(0758) 685 0618,Yogyakarta,DI Yogyakarta,Gold,New,2025-04-15,True
493,CUS000493,Marsito,Pradipta,Male,1964-06-25,wardinasyiah@example.org,+62 (0713) 848 7466,Bogor,Jawa Barat,Bronze,VIP,2024-11-16,True
494,CUS000494,Raisa,Laksita,Female,1983-03-08,nainggolangamani@example.net,+62-70-539-8702,Yogyakarta,DI Yogyakarta,Silver,Loyal,2025-08-13,True
495,CUS000495,Harsaya,Namaga,Male,2002-08-03,ophelia19@example.net,(0045) 496 1478,Bogor,Jawa Barat,Bronze,Loyal,2024-01-07,True
496,CUS000496,Agnes,Wibisono,Female,1969-08-04,ihsan08@example.net,+62-660-599-8704,Makassar,Sulawesi Selatan,Silver,New,2026-01-13,True
497,CUS000497,Garang,Maulana,Male,1987-04-30,ganda37@example.org,+62-020-175-9584,Denpasar,Bali,Silver,New,2025-05-07,True
498,CUS000498,Shakila,Waluyo,Female,1962-06-01,garanjanuar@example.com,+62-079-827-1588,Bekasi,Jawa Barat,Silver,Regular,2024-11-12,True
499,CUS000499,Hasan,Budiyanto,Male,1975-07-08,ryolanda@example.com,+62 (017) 620-5841,Medan,Sumatera Utara,Silver,Loyal,2024-03-16,True
500,CUS000500,Mursita,Puspita,Male,1985-08-06,zhalim@example.org,(052) 053 7822,Surabaya,Jawa Timur,Bronze,Loyal,2024-06-06,True
501,CUS000501,Caturangga,Maryadi,Female,1967-02-24,cutama@example.org,+62-035-667-7219,Semarang,Jawa Tengah,Gold,Regular,2025-09-12,True
502,CUS000502,Ulya,Purwanti,Female,1968-10-30,aris71@example.net,+62 (0654) 579-7166,Jakarta,DKI Jakarta,Bronze,Regular,2023-12-28,True
503,CUS000503,Bakiadi,Maulana,Female,1977-12-06,jbudiyanto@example.net,+62 (09) 403 2677,Denpasar,Bali,Silver,Loyal,2026-03-19,True
504,CUS000504,Maida,Suryono,Female,1979-10-05,eliyuliarti@example.org,(037) 582 9524,Jakarta,DKI Jakarta,Bronze,New,2025-07-18,True
505,CUS000505,Marsudi,Santoso,Male,1962-09-16,mwahyuni@example.org,+62-36-012-6823,Makassar,Sulawesi Selatan,Gold,Loyal,2024-05-15,False
506,CUS000506,Jumari,Nugroho,Male,1990-09-25,wijayanticici@example.net,(0798) 664 1789,Denpasar,Bali,Silver,Loyal,2024-05-16,True
507,CUS000507,Satya,Puspasari,Male,1962-10-20,martanimayasari@example.net,+62 (041) 352-8325,Medan,Sumatera Utara,Silver,Regular,2025-02-24,False
508,CUS000508,Kamidin,Andriani,Male,2000-07-18,lanangoktaviani@example.com,+62 (754) 993-2128,Yogyakarta,DI Yogyakarta,Platinum,Loyal,2026-07-12,True
509,CUS000509,Novi,Dabukke,Male,1981-07-30,purwa12@example.com,+62 (0960) 692 1281,Bekasi,Jawa Barat,Silver,Regular,2024-10-16,True
510,CUS000510,Cemeti,Mandala,Female,1981-10-17,akarsana19@example.org,0800110909,Medan,Sumatera Utara,Silver,Loyal,2024-05-13,True
511,CUS000511,Tasdik,Ardianto,Female,1996-07-31,amanullang@example.net,087 624 1618,Bandung,Jawa Barat,Silver,Regular,2025-06-15,True
512,CUS000512,Mahmud,Hariyah,Male,2004-07-09,wahyu79@example.net,+62 (053) 375-5576,Bogor,Jawa Barat,Silver,Loyal,2026-05-03,False
513,CUS000513,Ikin,Nasyidah,Female,2004-01-11,bnasyiah@example.net,+62 (0333) 716 0725,Surabaya,Jawa Timur,Bronze,Regular,2025-05-04,True
514,CUS000514,Elma,Firgantoro,Male,1961-09-05,dwi37@example.net,+62-079-017-1701,Denpasar,Bali,Bronze,New,2023-10-10,True
515,CUS000515,Gawati,Wibowo,Female,1999-10-20,oagustina@example.net,+62 (848) 605-1200,Jakarta,DKI Jakarta,Gold,Loyal,2026-06-27,True
516,CUS000516,Karma,Budiyanto,Male,1960-09-01,habibihartaka@example.org,+62 (538) 306-3400,Makassar,Sulawesi Selatan,Platinum,Loyal,2026-05-31,False
517,CUS000517,Tantri,Wacana,Female,1995-01-07,wkusumo@example.org,(052) 287 2817,Semarang,Jawa Tengah,Bronze,Regular,2025-02-18,True
518,CUS000518,Rendy,Melani,Female,1984-11-04,harjasawidiastuti@example.org,089 415 5212,Jakarta,DKI Jakarta,Bronze,New,2025-03-29,True
519,CUS000519,Harjaya,Zulkarnain,Female,1982-07-22,empluk31@example.org,+62 (0808) 348 9916,Jakarta,DKI Jakarta,Bronze,Loyal,2025-06-10,True
520,CUS000520,Estiawan,Nainggolan,Female,2005-10-03,fwinarno@example.org,0816219787,Semarang,Jawa Tengah,Silver,Regular,2025-04-17,True
521,CUS000521,Kamidin,Prasetya,Female,1961-11-06,jono93@example.com,+62 (69) 528 0674,Bekasi,Jawa Barat,Bronze,Loyal,2024-02-04,True
522,CUS000522,Uchita,Haryanti,Female,1995-12-27,tira48@example.net,+62 (095) 664-9683,Bekasi,Jawa Barat,Bronze,New,2025-05-23,True
523,CUS000523,Gantar,Firgantoro,Female,1962-07-01,gwacana@example.net,+62 (149) 102 5487,Yogyakarta,DI Yogyakarta,Gold,Regular,2023-08-15,True
524,CUS000524,Narji,Saefullah,Female,1971-08-03,lailasaricayadi@example.com,(0434) 209-7514,Bandung,Jawa Barat,Silver,VIP,2024-08-14,False
525,CUS000525,Ega,Puspita,Female,1988-12-04,rahayuaditya@example.org,+62 (077) 534 0793,Bogor,Jawa Barat,Platinum,Regular,2025-07-26,False
526,CUS000526,Galih,Hardiansyah,Male,1976-12-12,suryahasanah@example.com,(057) 429-0794,Medan,Sumatera Utara,Gold,Regular,2023-11-13,False
527,CUS000527,Dartono,Pradana,Male,1979-03-16,iprabowo@example.org,+62 (086) 263 5026,Bekasi,Jawa Barat,Bronze,VIP,2023-12-31,False
528,CUS000528,Rahmat,Prasasta,Male,1967-06-20,sihombingdartono@example.org,(0469) 119 5865,Yogyakarta,DI Yogyakarta,Gold,Regular,2025-11-20,True
529,CUS000529,Cahyanto,Saefullah,Male,1976-01-24,gmarbun@example.com,+62 (013) 377-3767,Makassar,Sulawesi Selatan,Gold,Loyal,2025-06-27,True
530,CUS000530,Puji,Maryati,Female,1988-03-12,arissitorus@example.net,+62-38-761-3265,Makassar,Sulawesi Selatan,Bronze,New,2025-03-02,True
531,CUS000531,Labuh,Prasasta,Male,1986-07-20,wwidodo@example.com,(0381) 047-2313,Bogor,Jawa Barat,Silver,New,2026-06-06,False
532,CUS000532,Perkasa,Mulyani,Female,1985-10-01,daru01@example.net,(0586) 230 5041,Surabaya,Jawa Timur,Silver,VIP,2026-03-10,True
533,CUS000533,Gangsar,Ardianto,Male,1995-02-10,radika00@example.com,086 296 9697,Bogor,Jawa Barat,Gold,New,2026-04-25,True
534,CUS000534,Yani,Nainggolan,Male,1975-01-24,xjailani@example.net,+62 (99) 765-9289,Bogor,Jawa Barat,Bronze,New,2026-04-19,True
535,CUS000535,Genta,Prastuti,Male,1994-04-21,tugiman90@example.org,+62 (0722) 671-6340,Surabaya,Jawa Timur,Bronze,New,2024-12-15,False
536,CUS000536,Okta,Mandala,Female,1982-04-15,hidayatdarmaji@example.com,(063) 555-3390,Bandung,Jawa Barat,Bronze,New,2024-04-24,True
537,CUS000537,Daru,Widiastuti,Male,1988-12-19,natsirsatya@example.com,(046) 772 0365,Medan,Sumatera Utara,Silver,Regular,2024-11-17,True
538,CUS000538,Yoga,Sitompul,Male,1988-11-20,hhalimah@example.com,+62 (040) 061 1522,Surabaya,Jawa Timur,Silver,Regular,2025-01-12,True
539,CUS000539,Pardi,Agustina,Female,1978-10-19,hafshah99@example.com,0837245274,Bogor,Jawa Barat,Bronze,Loyal,2024-08-05,True
540,CUS000540,Mila,Maryati,Female,1989-08-11,rahimahcakrajiya@example.org,+62 (018) 160-6282,Semarang,Jawa Tengah,Silver,Regular,2026-04-05,True
541,CUS000541,Gilang,Yolanda,Male,1971-02-09,putrapurwadi@example.org,+62 (069) 794 9153,Bandung,Jawa Barat,Silver,Loyal,2024-10-31,True
542,CUS000542,Ikin,Anggraini,Female,1979-06-14,nuyainah@example.org,+62 (486) 542 5878,Semarang,Jawa Tengah,Bronze,New,2024-04-04,True
543,CUS000543,Sidiq,Padmasari,Male,2000-01-04,ichanasyiah@example.org,+62-45-575-1683,Semarang,Jawa Tengah,Gold,Loyal,2024-05-27,True
544,CUS000544,Jaga,Waluyo,Female,1999-09-04,caturangga86@example.com,+62 (537) 843-4109,Makassar,Sulawesi Selatan,Bronze,VIP,2024-11-10,False
545,CUS000545,Capa,Nainggolan,Male,1998-05-11,lazuardidadi@example.com,0861341481,Surabaya,Jawa Timur,Gold,New,2024-06-02,True
546,CUS000546,Abyasa,Budiyanto,Male,1985-06-19,jamalia60@example.net,+62-017-008-7276,Bandung,Jawa Barat,Bronze,Regular,2026-03-20,True
547,CUS000547,Oliva,Fujiati,Male,1964-05-20,hhalim@example.com,+62-048-636-2104,Jakarta,DKI Jakarta,Bronze,Regular,2024-10-22,True
548,CUS000548,Eko,Novitasari,Male,2007-07-08,himawaniswahyudi@example.net,+62 (07) 407-0095,Medan,Sumatera Utara,Platinum,Regular,2023-12-17,False
549,CUS000549,Muhammad,Wastuti,Male,1998-10-21,jamalwastuti@example.com,+62 (02) 890 0314,Makassar,Sulawesi Selatan,Gold,New,2023-09-18,True
550,CUS000550,Makuta,Pradipta,Male,2001-10-25,damanikhesti@example.net,+62 (75) 329 7893,Medan,Sumatera Utara,Gold,New,2026-01-06,True
551,CUS000551,Nugraha,Firgantoro,Female,1966-07-10,cpermata@example.org,+62 (372) 167 1699,Semarang,Jawa Tengah,Gold,New,2025-07-30,True
552,CUS000552,Alambana,Pratiwi,Male,1991-06-06,ptamba@example.com,+62 (033) 038-6539,Bandung,Jawa Barat,Platinum,New,2024-04-02,True
553,CUS000553,Eluh,Suartini,Female,1989-11-06,fathonahpurnawati@example.com,(021) 566-0875,Semarang,Jawa Tengah,Bronze,Loyal,2024-07-05,False
554,CUS000554,Yono,Wacana,Female,1994-12-27,adinatahardiansyah@example.org,+62-861-167-4221,Denpasar,Bali,Silver,Regular,2024-03-17,False
555,CUS000555,Faizah,Fujiati,Female,1990-06-30,trisimbolon@example.com,+62 (038) 417 4449,Jakarta,DKI Jakarta,Bronze,Regular,2023-11-04,False
556,CUS000556,Catur,Marpaung,Female,1967-04-17,cakrajiyawulandari@example.com,+62 (730) 015 6003,Bandung,Jawa Barat,Silver,Regular,2025-02-21,True
557,CUS000557,Capa,Mandasari,Female,1986-08-05,ikinandriani@example.com,+62-33-218-4809,Makassar,Sulawesi Selatan,Bronze,Loyal,2024-09-13,False
558,CUS000558,Uchita,Lailasari,Female,1980-05-20,marsitowijaya@example.org,+62 (045) 766 2480,Semarang,Jawa Tengah,Silver,New,2025-01-11,False
559,CUS000559,Daryani,Nugroho,Female,1986-06-01,soleh81@example.net,+62-0851-794-0171,Bogor,Jawa Barat,Silver,New,2025-04-26,False
560,CUS000560,Rina,Kurniawan,Female,1979-11-20,andrianidian@example.com,(0202) 456 3505,Jakarta,DKI Jakarta,Bronze,Regular,2026-01-23,False
561,CUS000561,Ihsan,Prabowo,Male,1985-10-24,maimunahfirgantoro@example.com,+62 (002) 565-9391,Medan,Sumatera Utara,Bronze,Loyal,2025-11-01,True
562,CUS000562,Upik,Nashiruddin,Male,1968-10-17,latif04@example.com,+62-051-794-8087,Bogor,Jawa Barat,Gold,New,2026-01-14,True
563,CUS000563,Karimah,Utami,Female,1962-04-10,halimahadinata@example.net,+62 (048) 940-4499,Jakarta,DKI Jakarta,Bronze,VIP,2024-12-01,True
564,CUS000564,Karsa,Rajasa,Female,2001-08-19,kzulaika@example.org,(0607) 843 7483,Jakarta,DKI Jakarta,Silver,Regular,2024-04-17,False
565,CUS000565,Eja,Mayasari,Female,2001-10-11,bakiantopangestu@example.com,+62-025-693-1539,Bandung,Jawa Barat,Bronze,Regular,2025-11-03,True
566,CUS000566,Yulia,Kuswoyo,Male,2007-01-03,wastutipraba@example.com,+62 (082) 706-4197,Semarang,Jawa Tengah,Silver,New,2025-05-21,True
567,CUS000567,Asirwada,Wacana,Female,2004-12-31,jabalpratiwi@example.net,+62 (0395) 225 5614,Jakarta,DKI Jakarta,Silver,Regular,2025-03-18,True
568,CUS000568,Ellis,Rahayu,Female,1974-10-28,prabowoperkasa@example.com,(025) 743-4441,Yogyakarta,DI Yogyakarta,Silver,Regular,2025-05-21,True
569,CUS000569,Kadir,Agustina,Male,1980-10-15,karimahwacana@example.com,+62 (025) 919-7233,Surabaya,Jawa Timur,Bronze,Regular,2024-05-25,True
570,CUS000570,Candrakanta,Andriani,Male,1975-10-10,ukusmawati@example.com,+62 (0654) 159 8728,Jakarta,DKI Jakarta,Gold,Regular,2025-11-12,False
571,CUS000571,Danuja,Megantara,Male,1969-05-26,nalar82@example.com,+62-99-855-5584,Makassar,Sulawesi Selatan,Silver,Regular,2024-01-14,True
572,CUS000572,Ika,Mustofa,Male,1979-06-24,iwijayanti@example.net,0806141458,Bandung,Jawa Barat,Gold,Regular,2026-06-07,True
573,CUS000573,Malika,Mulyani,Male,1991-07-16,lwacana@example.org,+62 (0752) 201 9640,Medan,Sumatera Utara,Bronze,New,2024-12-25,True
574,CUS000574,Ajiono,Prastuti,Male,1966-03-04,mprayoga@example.org,+62-711-751-4055,Medan,Sumatera Utara,Silver,Regular,2026-05-12,True
575,CUS000575,Ikin,Aryani,Male,1999-04-13,swidiastuti@example.org,+62 (0367) 975-8159,Bekasi,Jawa Barat,Gold,New,2024-06-15,True
576,CUS000576,Vanesa,Hidayat,Female,2008-07-13,januarlanggeng@example.org,(023) 150 5454,Medan,Sumatera Utara,Bronze,Regular,2024-05-21,True
577,CUS000577,Yusuf,Kusumo,Female,1967-02-26,deviwaluyo@example.com,087 877 9327,Denpasar,Bali,Bronze,Regular,2024-02-04,True
578,CUS000578,Ridwan,Widiastuti,Female,1987-08-21,bsudiati@example.org,+62 (62) 159-8099,Surabaya,Jawa Timur,Silver,Loyal,2026-07-24,True
579,CUS000579,Qori,Sihotang,Male,1997-10-17,firgantorowulan@example.net,+62-0439-723-3397,Denpasar,Bali,Bronze,VIP,2026-02-25,True
580,CUS000580,Martaka,Januar,Male,1973-01-24,zmarbun@example.com,(0199) 482-2502,Medan,Sumatera Utara,Silver,Regular,2024-12-25,True
581,CUS000581,Yunita,Suryatmi,Male,1992-10-24,widodowadi@example.net,(0050) 227 5368,Makassar,Sulawesi Selatan,Silver,Loyal,2025-03-27,True
582,CUS000582,Okta,Laksmiwati,Female,1969-08-26,jagaragaprasasta@example.com,+62 (90) 934 6944,Bandung,Jawa Barat,Gold,Regular,2024-04-21,True
583,CUS000583,Pangeran,Iswahyudi,Female,1974-01-01,purwanainggolan@example.com,+62-30-662-6304,Denpasar,Bali,Silver,New,2025-05-06,True
584,CUS000584,Yessi,Lestari,Female,1998-09-30,salman10@example.org,+62 (044) 799 9191,Bogor,Jawa Barat,Silver,Loyal,2024-07-31,True
585,CUS000585,Fitriani,Laksmiwati,Female,1979-08-12,sidiq13@example.net,+62 (130) 623 8877,Bogor,Jawa Barat,Bronze,Loyal,2023-10-05,True
586,CUS000586,Kani,Nuraini,Male,1997-07-18,kwastuti@example.org,+62-078-833-5397,Makassar,Sulawesi Selatan,Bronze,Regular,2024-12-14,True
587,CUS000587,Karen,Winarno,Female,1993-11-02,omarsafitri@example.org,+62 (073) 214 9573,Semarang,Jawa Tengah,Gold,Loyal,2023-08-08,True
588,CUS000588,Putri,Uwais,Male,1993-08-02,padmasarinalar@example.net,(024) 029-5732,Makassar,Sulawesi Selatan,Bronze,Loyal,2023-08-23,True
589,CUS000589,Ajiono,Firgantoro,Female,1980-12-12,langgengfirgantoro@example.com,+62-95-593-0443,Bandung,Jawa Barat,Bronze,Regular,2024-11-28,True
590,CUS000590,Zamira,Maheswara,Male,1982-07-21,rahayumakuta@example.com,+62 (35) 924-9571,Denpasar,Bali,Gold,Regular,2024-03-31,True
591,CUS000591,Ajimin,Wulandari,Male,1967-06-13,twibisono@example.com,+62 (0291) 476 2054,Medan,Sumatera Utara,Gold,Loyal,2024-01-23,True
592,CUS000592,Dwi,Pertiwi,Female,1966-01-28,utamiumay@example.org,+62-63-772-3223,Jakarta,DKI Jakarta,Bronze,Regular,2023-11-22,True
593,CUS000593,Ibrani,Mandala,Female,1962-10-05,owulandari@example.org,(0638) 915 3468,Bandung,Jawa Barat,Bronze,VIP,2023-07-28,True
594,CUS000594,Kartika,Kurniawan,Male,1985-03-22,sabar21@example.net,+62 (074) 042 0849,Bekasi,Jawa Barat,Bronze,Regular,2023-12-18,True
595,CUS000595,Pandu,Nababan,Female,1982-12-11,sprayoga@example.com,+62-63-600-5697,Semarang,Jawa Tengah,Bronze,Regular,2024-11-17,False
596,CUS000596,Kurnia,Suwarno,Male,2000-02-24,irfansuartini@example.org,0802422418,Bekasi,Jawa Barat,Silver,Regular,2025-07-15,False
597,CUS000597,Hani,Wulandari,Male,1991-03-23,marwata96@example.org,(0978) 143 3481,Denpasar,Bali,Gold,Regular,2024-09-27,True
598,CUS000598,Eko,Nasyiah,Female,1983-01-27,widiastutimalika@example.net,+62 (050) 762 6196,Surabaya,Jawa Timur,Gold,Regular,2026-04-27,True
599,CUS000599,Balamantri,Saefullah,Male,1970-08-15,prasetya17@example.net,+62 (79) 411-6309,Bandung,Jawa Barat,Bronze,New,2024-05-10,True
600,CUS000600,Rika,Nurdiyanti,Female,1964-01-25,vwijaya@example.net,(001) 185 3349,Medan,Sumatera Utara,Silver,Loyal,2024-09-24,False
601,CUS000601,Unggul,Anggraini,Male,1982-09-02,ppermata@example.com,(0640) 073-7107,Makassar,Sulawesi Selatan,Silver,Loyal,2025-09-09,True
602,CUS000602,Gamblang,Safitri,Male,1998-08-18,wacanasidiq@example.net,+62 (384) 540 6857,Jakarta,DKI Jakarta,Bronze,Loyal,2025-03-26,False
603,CUS000603,Salsabila,Wacana,Male,1999-01-31,nprasetyo@example.org,(080) 087-6552,Bekasi,Jawa Barat,Platinum,Loyal,2025-09-11,False
604,CUS000604,Samiah,Latupono,Female,1970-07-02,sakura86@example.com,(052) 305 9063,Makassar,Sulawesi Selatan,Gold,Loyal,2023-11-29,True
605,CUS000605,Queen,Prastuti,Female,1984-06-29,vivi43@example.net,0897243265,Makassar,Sulawesi Selatan,Bronze,Loyal,2024-01-20,True
606,CUS000606,Nyana,Budiman,Female,2000-11-12,kardianto@example.net,+62-016-715-2843,Denpasar,Bali,Silver,Loyal,2024-01-11,True
607,CUS000607,Restu,Hutapea,Male,2002-03-28,laksana90@example.org,086 404 9331,Bandung,Jawa Barat,Silver,Regular,2026-07-11,False
608,CUS000608,Paiman,Hasanah,Female,1989-05-03,bakimankurniawan@example.com,+62-97-707-8654,Makassar,Sulawesi Selatan,Bronze,New,2026-07-25,True
609,CUS000609,Eka,Sihotang,Female,1966-02-03,edward47@example.com,+62 (130) 332 4807,Medan,Sumatera Utara,Bronze,Loyal,2024-06-20,True
610,CUS000610,Makuta,Mulyani,Female,1992-01-16,landriani@example.com,085 506 0447,Medan,Sumatera Utara,Gold,Regular,2026-04-20,True
611,CUS000611,Asman,Firmansyah,Female,1979-05-20,qnurdiyanti@example.org,(021) 224 1284,Denpasar,Bali,Bronze,Loyal,2023-10-03,True
612,CUS000612,Ajimat,Rahayu,Male,2005-04-20,mwibowo@example.org,(082) 765-1895,Bogor,Jawa Barat,Bronze,Regular,2023-12-03,True
613,CUS000613,Emin,Sudiati,Male,1983-02-28,hani86@example.com,+62-623-064-2446,Denpasar,Bali,Silver,Loyal,2025-03-20,False
614,CUS000614,Ridwan,Lailasari,Male,1965-04-07,mustofataswir@example.org,+62 (62) 802-4937,Bogor,Jawa Barat,Silver,Regular,2023-10-04,True
615,CUS000615,Artawan,Iswahyudi,Male,1983-04-25,jayanamaga@example.com,+62 (0972) 769 6089,Makassar,Sulawesi Selatan,Bronze,Regular,2025-05-18,True
616,CUS000616,Cakrabirawa,Suwarno,Male,1993-03-22,ilyas80@example.com,(0837) 414-6486,Yogyakarta,DI Yogyakarta,Silver,Regular,2025-12-10,False
617,CUS000617,Bakda,Thamrin,Male,1984-05-11,caket55@example.net,+62-986-549-2160,Denpasar,Bali,Gold,VIP,2026-03-28,True
618,CUS000618,Ilsa,Fujiati,Female,1979-11-25,wulandariwadi@example.net,+62-49-826-7668,Makassar,Sulawesi Selatan,Bronze,Regular,2024-12-19,True
619,CUS000619,Hasim,Januar,Male,1964-12-08,paimannasyiah@example.org,(061) 124 7294,Medan,Sumatera Utara,Bronze,New,2024-02-05,False
620,CUS000620,Cindy,Firgantoro,Male,2004-03-14,dina16@example.net,+62 (0226) 636 4499,Medan,Sumatera Utara,Bronze,Regular,2025-05-30,True
621,CUS000621,Mumpuni,Dabukke,Female,1980-08-28,wagefirmansyah@example.net,+62 (626) 076-4221,Bekasi,Jawa Barat,Bronze,Loyal,2024-01-05,True
622,CUS000622,Garan,Iswahyudi,Male,2001-02-01,eli81@example.org,+62-598-592-7418,Bogor,Jawa Barat,Silver,Regular,2025-07-18,True
623,CUS000623,Ade,Tampubolon,Male,1961-05-07,lwibowo@example.org,0871376156,Surabaya,Jawa Timur,Bronze,Loyal,2024-03-13,True
624,CUS000624,Emil,Winarno,Male,1983-12-18,mulyono01@example.net,(059) 582 8945,Makassar,Sulawesi Selatan,Silver,Loyal,2024-07-21,True
625,CUS000625,Bakda,Usada,Female,1978-04-07,owulandari@example.org,088 092 8621,Bekasi,Jawa Barat,Bronze,Regular,2025-04-06,True
626,CUS000626,Galuh,Oktaviani,Male,2004-10-20,chakim@example.com,+62-043-122-7010,Makassar,Sulawesi Selatan,Bronze,VIP,2026-04-14,False
627,CUS000627,Ulva,Namaga,Female,1989-11-20,mahendrajaga@example.org,(0753) 881-2451,Bekasi,Jawa Barat,Bronze,Regular,2024-08-05,False
628,CUS000628,Elvina,Sitorus,Male,1963-05-01,kmanullang@example.org,+62 (04) 412-5556,Surabaya,Jawa Timur,Bronze,New,2026-04-14,False
629,CUS000629,Hardana,Lazuardi,Female,1988-06-11,azalea45@example.com,(006) 181 4085,Semarang,Jawa Tengah,Bronze,Loyal,2026-05-05,True
630,CUS000630,Opung,Thamrin,Female,1988-12-11,atmajasantoso@example.org,(008) 740-8499,Denpasar,Bali,Bronze,Regular,2026-04-06,True
631,CUS000631,Lulut,Prasetyo,Female,1980-11-28,umulyani@example.org,+62 (62) 026-4046,Surabaya,Jawa Timur,Silver,Loyal,2025-05-19,False
632,CUS000632,Alika,Rahayu,Female,2000-05-14,xmanullang@example.org,+62 (0652) 912 8780,Semarang,Jawa Tengah,Bronze,Regular,2025-09-21,True
633,CUS000633,Gandi,Prasasta,Male,1978-11-02,purnawatilaila@example.org,082 630 7863,Bandung,Jawa Barat,Bronze,Loyal,2026-03-12,False
634,CUS000634,Dalimin,Kuswandari,Male,2005-11-02,cinthia62@example.net,+62-202-866-7667,Bandung,Jawa Barat,Silver,Loyal,2024-12-09,True
635,CUS000635,Galur,Zulaika,Male,1981-07-02,bajragin33@example.org,+62-524-853-9141,Denpasar,Bali,Gold,New,2025-11-30,True
636,CUS000636,Jamal,Nuraini,Female,1976-08-16,hidayantojagaraga@example.com,+62-018-020-0923,Jakarta,DKI Jakarta,Gold,Regular,2024-11-06,True
637,CUS000637,Jefri,Ardianto,Male,1996-06-27,ssuryono@example.net,(0646) 251-8061,Denpasar,Bali,Bronze,Loyal,2026-06-19,False
638,CUS000638,Ajiman,Putra,Male,1985-07-02,kwinarsih@example.net,+62 (592) 613 5472,Bekasi,Jawa Barat,Silver,Regular,2024-02-19,True
639,CUS000639,Darmana,Saptono,Female,1973-07-22,tarihorangalih@example.net,+62 (0216) 981 4734,Makassar,Sulawesi Selatan,Bronze,Loyal,2025-02-20,False
640,CUS000640,Gina,Iswahyudi,Male,1994-02-11,gina86@example.net,+62-091-654-4314,Medan,Sumatera Utara,Silver,Regular,2026-05-24,True
641,CUS000641,Kawaca,Damanik,Female,1995-09-21,lananghabibi@example.net,+62 (072) 654 7345,Bandung,Jawa Barat,Silver,New,2024-07-10,True
642,CUS000642,Sari,Lazuardi,Female,1982-04-17,purnawatikacung@example.net,+62 (051) 282-4912,Bogor,Jawa Barat,Bronze,Regular,2025-01-14,True
643,CUS000643,Nova,Hartati,Female,1975-08-14,oastuti@example.com,+62 (65) 330-4042,Bandung,Jawa Barat,Silver,Loyal,2023-10-25,True
644,CUS000644,Vero,Mahendra,Male,1998-05-21,prabathamrin@example.org,(023) 438-0973,Surabaya,Jawa Timur,Gold,Regular,2024-09-22,False
645,CUS000645,Ani,Suartini,Male,1960-09-10,sabarpurnawati@example.net,+62 (059) 185 5210,Bandung,Jawa Barat,Bronze,New,2023-10-06,True
646,CUS000646,Harimurti,Prabowo,Female,2003-06-15,fpurwanti@example.org,+62 (04) 150-3318,Denpasar,Bali,Gold,New,2025-05-08,True
647,CUS000647,Indah,Riyanti,Female,1981-12-30,hmarpaung@example.org,0881507988,Makassar,Sulawesi Selatan,Bronze,New,2025-03-06,True
648,CUS000648,Sabrina,Simanjuntak,Female,1972-10-14,sitoruskarya@example.net,+62 (0106) 655-3619,Medan,Sumatera Utara,Gold,Regular,2023-11-28,False
649,CUS000649,Dartono,Rajata,Female,1998-09-15,lailasarimartana@example.org,+62 (0484) 477-4287,Surabaya,Jawa Timur,Silver,Regular,2026-04-07,True
650,CUS000650,Agus,Kuswandari,Male,1991-04-21,dpradana@example.org,+62-832-673-4930,Jakarta,DKI Jakarta,Gold,Regular,2024-09-17,True
651,CUS000651,Zaenab,Nababan,Female,1993-08-28,hendra30@example.net,(099) 516-0709,Makassar,Sulawesi Selatan,Silver,Loyal,2025-09-01,True
652,CUS000652,Warji,Widodo,Male,1976-04-01,aswani96@example.org,+62 (046) 257 2707,Bogor,Jawa Barat,Gold,Loyal,2023-08-21,True
653,CUS000653,Vivi,Marbun,Male,1982-02-11,maidasimbolon@example.net,(0288) 782 3672,Medan,Sumatera Utara,Bronze,New,2024-02-18,True
654,CUS000654,Anggabaya,Anggriawan,Male,1986-08-26,lwijaya@example.net,+62 (170) 186-6704,Surabaya,Jawa Timur,Gold,Regular,2024-05-23,False
655,CUS000655,Laras,Lestari,Female,1978-04-12,bprasetya@example.net,+62 (616) 341-3750,Semarang,Jawa Tengah,Gold,New,2023-10-20,True
656,CUS000656,Harja,Astuti,Female,1990-06-09,gardianto@example.net,(0205) 153 9374,Yogyakarta,DI Yogyakarta,Bronze,Regular,2024-04-30,True
657,CUS000657,Padma,Hastuti,Male,1976-11-08,utamisadina@example.com,+62 (054) 382 8436,Bogor,Jawa Barat,Bronze,Regular,2026-03-12,True
658,CUS000658,Irfan,Nashiruddin,Female,2007-11-20,latif89@example.org,+62-053-816-8433,Bogor,Jawa Barat,Silver,VIP,2025-12-21,False
659,CUS000659,Maya,Puspita,Female,2002-08-03,cakrabuananamaga@example.com,+62 (0292) 050-7341,Semarang,Jawa Tengah,Gold,VIP,2025-05-20,True
660,CUS000660,Nugraha,Yuniar,Female,1968-09-03,ifa51@example.org,+62 (0007) 066-4919,Bandung,Jawa Barat,Gold,Regular,2024-06-10,True
661,CUS000661,Virman,Nababan,Female,1988-04-20,jasmanimahendra@example.org,(030) 299 2545,Bandung,Jawa Barat,Gold,New,2024-07-13,True
662,CUS000662,Karna,Samosir,Female,2000-03-16,bhartati@example.org,(0128) 962 5240,Denpasar,Bali,Bronze,VIP,2024-05-19,False
663,CUS000663,Ayu,Irawan,Male,1987-11-01,haryantiirsad@example.net,(0217) 974 2652,Makassar,Sulawesi Selatan,Platinum,Regular,2025-08-30,True
664,CUS000664,Cici,Rahimah,Male,1977-03-01,boktaviani@example.org,+62-069-271-5848,Medan,Sumatera Utara,Bronze,Loyal,2023-10-16,True
665,CUS000665,Gasti,Mulyani,Male,2001-09-01,baktiadi80@example.org,+62 (0148) 516 5179,Bandung,Jawa Barat,Bronze,New,2024-05-31,True
666,CUS000666,Jarwi,Pangestu,Female,2004-05-05,oktavianiartanto@example.org,+62-0994-613-4549,Surabaya,Jawa Timur,Gold,VIP,2026-05-05,True
667,CUS000667,Gilang,Nababan,Male,1970-05-03,vnasyiah@example.org,+62 (0440) 843 6886,Semarang,Jawa Tengah,Bronze,New,2025-09-21,True
668,CUS000668,Amelia,Sudiati,Female,1977-01-12,egasafitri@example.org,+62-0042-977-7084,Jakarta,DKI Jakarta,Silver,Loyal,2023-10-21,False
669,CUS000669,Farah,Nugroho,Female,1965-09-23,dongoranwardi@example.net,+62 (0863) 539 0236,Jakarta,DKI Jakarta,Bronze,VIP,2024-07-06,False
670,CUS000670,Pandu,Yulianti,Female,1994-04-22,donotampubolon@example.com,+62 (0169) 721-9754,Medan,Sumatera Utara,Silver,Regular,2024-10-05,True
671,CUS000671,Laila,Pertiwi,Female,1966-11-15,tmansur@example.net,+62 (021) 972 3070,Makassar,Sulawesi Selatan,Platinum,Regular,2025-08-26,True
672,CUS000672,Upik,Lailasari,Male,1997-07-12,mahmudsimanjuntak@example.com,+62 (902) 289 0613,Bandung,Jawa Barat,Bronze,Regular,2023-08-30,True
673,CUS000673,Bakiadi,Adriansyah,Male,2007-02-27,suryatmikemal@example.com,+62 (0480) 885-0394,Medan,Sumatera Utara,Gold,New,2024-08-04,False
674,CUS000674,Daryani,Kuswoyo,Female,2001-06-25,hadi00@example.net,+62 (058) 123-9030,Bekasi,Jawa Barat,Silver,Loyal,2026-07-18,True
675,CUS000675,Kardi,Adriansyah,Female,1976-12-26,mustofapurwa@example.com,+62-036-759-5036,Semarang,Jawa Tengah,Gold,Regular,2024-02-02,True
676,CUS000676,Dewi,Rajata,Male,1961-03-07,pradiptarahmi@example.net,(0738) 258 3293,Bogor,Jawa Barat,Bronze,Loyal,2024-02-05,True
677,CUS000677,Keisha,Mardhiyah,Female,2001-10-18,bahuwarnasaptono@example.com,+62 (0724) 858 9229,Bandung,Jawa Barat,Silver,Loyal,2024-07-28,True
678,CUS000678,Maya,Mahendra,Male,1973-07-23,yolandakurnia@example.org,(0568) 377 8442,Bogor,Jawa Barat,Silver,New,2026-04-04,True
679,CUS000679,Carla,Marbun,Male,1961-02-11,agustinasiska@example.org,0868150937,Makassar,Sulawesi Selatan,Silver,VIP,2023-12-03,True
680,CUS000680,Laras,Wahyudin,Female,1989-03-30,gantar42@example.net,+62-089-373-9380,Bandung,Jawa Barat,Bronze,Loyal,2025-07-30,False
681,CUS000681,Suci,Tampubolon,Female,1993-11-30,viktorsitorus@example.net,+62 (915) 352 4630,Bekasi,Jawa Barat,Bronze,Loyal,2025-02-28,True
682,CUS000682,Saadat,Januar,Female,2000-06-07,lazuardigada@example.net,0842559934,Medan,Sumatera Utara,Bronze,Regular,2025-03-24,False
683,CUS000683,Teguh,Hastuti,Male,1963-11-30,damanikbelinda@example.net,+62-08-628-6624,Bogor,Jawa Barat,Silver,Regular,2023-11-17,True
684,CUS000684,Rama,Mangunsong,Male,2001-09-12,siregaruda@example.org,+62-094-371-8403,Semarang,Jawa Tengah,Bronze,Regular,2026-06-09,True
685,CUS000685,Darmana,Hutagalung,Male,1992-07-15,viman23@example.net,+62 (025) 205-2619,Bogor,Jawa Barat,Gold,VIP,2025-08-30,True
686,CUS000686,Jaka,Kurniawan,Male,1978-09-07,utamakeisha@example.net,+62 (838) 874 9083,Yogyakarta,DI Yogyakarta,Silver,Regular,2023-09-12,True
687,CUS000687,Endra,Nasyidah,Male,1975-10-02,wulan58@example.net,+62-716-094-3119,Makassar,Sulawesi Selatan,Silver,Regular,2024-05-02,True
688,CUS000688,Elisa,Lailasari,Male,1983-03-06,sinagaikin@example.net,+62-0457-534-9866,Bogor,Jawa Barat,Gold,New,2025-12-03,False
689,CUS000689,Dartono,Habibi,Female,1972-09-03,septi13@example.net,0810984929,Bandung,Jawa Barat,Silver,Regular,2025-06-24,True
690,CUS000690,Malik,Oktaviani,Female,2005-11-30,siregardarmaji@example.net,+62 (0186) 385 3169,Yogyakarta,DI Yogyakarta,Silver,VIP,2026-02-09,False
691,CUS000691,Salman,Andriani,Male,1970-01-30,oni75@example.org,085 688 0800,Surabaya,Jawa Timur,Bronze,Regular,2026-02-02,True
692,CUS000692,Mutia,Prakasa,Female,1985-07-19,ypurwanti@example.com,+62-092-257-3694,Denpasar,Bali,Bronze,Regular,2026-03-20,True
693,CUS000693,Wasis,Suwarno,Male,2008-04-17,lrahmawati@example.net,(0159) 151-1254,Yogyakarta,DI Yogyakarta,Silver,Regular,2023-11-01,True
694,CUS000694,Halim,Hakim,Female,1966-07-16,purwa44@example.net,(058) 628-8181,Semarang,Jawa Tengah,Gold,Regular,2023-09-09,False
695,CUS000695,Yance,Latupono,Female,1975-02-09,trinasyidah@example.org,(034) 458-0854,Denpasar,Bali,Bronze,Regular,2025-02-22,True
696,CUS000696,Abyasa,Tampubolon,Female,1981-04-15,talia07@example.net,+62 (761) 252-6730,Bekasi,Jawa Barat,Gold,Regular,2024-07-31,True
697,CUS000697,Salsabila,Rahimah,Male,1964-04-15,smayasari@example.net,+62-069-321-6330,Bogor,Jawa Barat,Gold,New,2026-05-23,True
698,CUS000698,Lulut,Zulaika,Male,1991-01-30,oktavianihendri@example.org,+62 (032) 442-4012,Jakarta,DKI Jakarta,Silver,Regular,2025-12-23,True
699,CUS000699,Okta,Suryono,Male,1982-10-10,damarlaksita@example.org,+62-0309-709-3272,Denpasar,Bali,Silver,Regular,2025-07-23,True
700,CUS000700,Uda,Waskita,Male,1992-03-21,edi70@example.org,(0851) 293-0383,Makassar,Sulawesi Selatan,Bronze,Loyal,2024-12-30,False
701,CUS000701,Jane,Melani,Male,2000-04-17,amaliasetiawan@example.net,+62 (92) 246-9061,Denpasar,Bali,Gold,Regular,2025-06-05,True
702,CUS000702,Anastasia,Maheswara,Female,1976-05-27,tambarestu@example.com,0837880331,Medan,Sumatera Utara,Bronze,VIP,2026-01-11,True
703,CUS000703,Saka,Suartini,Female,1999-10-31,johanusada@example.org,+62 (0306) 661-4328,Semarang,Jawa Tengah,Bronze,Regular,2026-06-09,True
704,CUS000704,Saka,Gunawan,Female,1982-06-08,anggriawancatur@example.net,+62 (0705) 438-1758,Bogor,Jawa Barat,Gold,Regular,2025-12-22,False
705,CUS000705,Bagas,Halimah,Male,1985-02-01,ardiantogatra@example.com,+62 (075) 882-1561,Makassar,Sulawesi Selatan,Gold,Regular,2025-03-22,False
706,CUS000706,Balidin,Puspita,Male,2001-04-24,wibowomakuta@example.com,+62 (20) 850-5857,Surabaya,Jawa Timur,Gold,Regular,2023-08-25,True
707,CUS000707,Jono,Laksmiwati,Male,1980-11-18,lembah43@example.org,+62 (579) 550-3246,Surabaya,Jawa Timur,Silver,Loyal,2026-06-28,True
708,CUS000708,Carub,Nainggolan,Male,1965-10-07,dirja97@example.com,+62-0488-133-3145,Bekasi,Jawa Barat,Silver,Loyal,2024-09-09,True
709,CUS000709,Karman,Puspasari,Female,1990-03-20,nalarsaefullah@example.org,+62-079-681-1914,Surabaya,Jawa Timur,Gold,Regular,2024-04-12,False
710,CUS000710,Ghani,Prastuti,Male,1966-01-05,eliwibisono@example.net,(030) 704 9776,Bekasi,Jawa Barat,Gold,New,2025-04-11,True
711,CUS000711,Saadat,Aryani,Male,1988-09-13,irwan42@example.org,(042) 701 1625,Surabaya,Jawa Timur,Gold,New,2024-12-24,True
712,CUS000712,Suci,Usada,Female,1995-06-05,tandriani@example.net,+62 (0768) 279-4102,Medan,Sumatera Utara,Bronze,Loyal,2024-11-25,True
713,CUS000713,Jasmin,Adriansyah,Male,1992-09-23,ellisjailani@example.net,+62-61-611-8451,Yogyakarta,DI Yogyakarta,Bronze,Loyal,2026-01-06,True
714,CUS000714,Silvia,Mandasari,Female,1973-03-08,xpradana@example.org,+62 (95) 152-1779,Bandung,Jawa Barat,Silver,Regular,2024-05-18,True
715,CUS000715,Laksana,Gunarto,Female,1966-04-29,eputra@example.net,+62 (025) 805 6098,Surabaya,Jawa Timur,Bronze,Regular,2024-07-28,False
716,CUS000716,Melinda,Firmansyah,Female,1960-09-24,mlatupono@example.net,+62 (06) 752-3523,Makassar,Sulawesi Selatan,Gold,Regular,2023-08-24,True
717,CUS000717,Galuh,Wacana,Male,2000-07-14,gatra32@example.net,+62 (902) 352-2466,Medan,Sumatera Utara,Silver,Regular,2025-06-18,True
718,CUS000718,Gamanto,Hasanah,Female,1996-01-05,ajimat66@example.com,(029) 325-4115,Makassar,Sulawesi Selatan,Silver,Loyal,2026-06-21,True
719,CUS000719,Kawaca,Napitupulu,Female,1984-04-16,zsaefullah@example.org,088 545 7467,Bandung,Jawa Barat,Gold,Loyal,2024-01-08,False
720,CUS000720,Adiarja,Hastuti,Male,2004-02-08,habibiivan@example.com,(0969) 041-3549,Bekasi,Jawa Barat,Bronze,Regular,2026-01-24,True
721,CUS000721,Sari,Megantara,Male,1991-06-18,jardianto@example.net,+62-0818-093-4707,Bandung,Jawa Barat,Bronze,Loyal,2024-03-28,False
722,CUS000722,Adinata,Siregar,Female,1964-10-11,fnurdiyanti@example.org,+62-50-217-4863,Bogor,Jawa Barat,Gold,Loyal,2026-07-08,True
723,CUS000723,Catur,Nasyidah,Female,1964-02-28,gaimanutama@example.org,088 135 2412,Bogor,Jawa Barat,Bronze,VIP,2026-01-17,True
724,CUS000724,Laras,Saptono,Male,1963-05-12,napitupuluatma@example.com,+62-709-743-7552,Yogyakarta,DI Yogyakarta,Gold,New,2025-05-22,True
725,CUS000725,Kala,Iswahyudi,Male,1971-10-29,chelsea69@example.com,+62 (012) 745-2655,Bekasi,Jawa Barat,Gold,New,2025-06-04,True
726,CUS000726,Jelita,Gunarto,Male,1986-01-21,ade95@example.net,+62-0739-051-3122,Makassar,Sulawesi Selatan,Silver,New,2025-02-27,False
727,CUS000727,Galih,Megantara,Male,1965-05-28,uyainahmulyono@example.com,0827721493,Makassar,Sulawesi Selatan,Silver,Loyal,2025-06-12,False
728,CUS000728,Unjani,Widodo,Female,1966-06-17,laswi22@example.net,(097) 765-5889,Semarang,Jawa Tengah,Bronze,Regular,2024-04-19,True
729,CUS000729,Kasiyah,Latupono,Female,1973-08-27,vinsensitorus@example.org,+62 (084) 963-2179,Denpasar,Bali,Gold,VIP,2025-11-27,True
730,CUS000730,Nurul,Winarno,Male,1991-06-18,cahya15@example.org,+62 (372) 880 3672,Denpasar,Bali,Silver,Regular,2023-09-07,True
731,CUS000731,Hartaka,Kurniawan,Male,1970-08-02,harto54@example.net,+62 (0589) 407-8083,Denpasar,Bali,Platinum,Regular,2024-07-27,False
732,CUS000732,Gara,Firmansyah,Female,2007-12-19,malik57@example.com,(0787) 457 1267,Denpasar,Bali,Silver,Regular,2026-01-05,True
733,CUS000733,Rizki,Mustofa,Male,1962-01-13,dono63@example.net,+62 (24) 516-7785,Makassar,Sulawesi Selatan,Bronze,VIP,2024-01-06,True
734,CUS000734,Salsabila,Yuniar,Female,1969-10-12,wirda15@example.org,+62 (049) 148-7117,Bandung,Jawa Barat,Bronze,Regular,2025-03-16,True
735,CUS000735,Zamira,Saptono,Female,2000-12-21,zsusanti@example.net,(092) 031-8175,Bandung,Jawa Barat,Silver,VIP,2024-03-11,True
736,CUS000736,Rendy,Wahyudin,Male,2005-11-17,dimazpudjiastuti@example.net,+62 (537) 126-0456,Denpasar,Bali,Bronze,Regular,2025-05-09,True
737,CUS000737,Siti,Gunawan,Male,1985-04-30,asmadirajata@example.org,+62 (0724) 199 0620,Bogor,Jawa Barat,Bronze,Regular,2026-06-16,True
738,CUS000738,Agnes,Halim,Male,1995-09-10,ssuartini@example.org,+62 (63) 617-4941,Surabaya,Jawa Timur,Bronze,New,2025-09-12,False
739,CUS000739,Mulyanto,Susanti,Male,1960-10-20,fujiatitari@example.com,(038) 493 3351,Medan,Sumatera Utara,Bronze,Loyal,2024-09-23,False
740,CUS000740,Taufan,Maryadi,Male,1975-08-31,agusoktaviani@example.org,+62 (64) 337 2012,Makassar,Sulawesi Selatan,Gold,Regular,2024-03-17,True
741,CUS000741,Danu,Narpati,Male,2002-12-11,wakimankuswoyo@example.org,+62 (091) 305 0550,Semarang,Jawa Tengah,Bronze,Loyal,2025-10-12,False
742,CUS000742,Teguh,Maryati,Female,2007-04-05,flestari@example.org,0814106566,Jakarta,DKI Jakarta,Bronze,New,2024-06-20,False
743,CUS000743,Keisha,Wahyudin,Female,1971-12-25,siregarcemeti@example.net,+62-0668-657-4982,Bandung,Jawa Barat,Bronze,Loyal,2025-11-02,True
744,CUS000744,Ida,Tarihoran,Female,1989-06-25,vimansinaga@example.net,+62-0191-251-7637,Makassar,Sulawesi Selatan,Bronze,Loyal,2026-03-23,True
745,CUS000745,Ega,Maulana,Female,1983-11-12,farhunnisahutasoit@example.net,(0252) 299 1056,Jakarta,DKI Jakarta,Silver,Regular,2024-01-03,True
746,CUS000746,Marsito,Hariyah,Female,2000-08-07,rsetiawan@example.org,+62 (014) 248 4594,Surabaya,Jawa Timur,Bronze,Regular,2026-06-15,True
747,CUS000747,Lamar,Gunawan,Male,1999-04-16,najam89@example.org,+62 (63) 799 4657,Semarang,Jawa Tengah,Silver,New,2023-11-19,True
748,CUS000748,Jail,Samosir,Male,1970-12-21,rinisaptono@example.net,(0095) 295-6559,Makassar,Sulawesi Selatan,Silver,New,2024-10-06,True
749,CUS000749,Koko,Suartini,Female,1979-12-24,ana83@example.net,+62 (0572) 158 6071,Surabaya,Jawa Timur,Silver,VIP,2024-08-28,True
750,CUS000750,Praba,Pertiwi,Male,1978-12-01,lamar31@example.net,+62 (42) 746 7250,Denpasar,Bali,Bronze,Regular,2024-10-20,True
751,CUS000751,Bahuraksa,Hassanah,Male,1966-06-28,nrimapuspita@example.com,(078) 851 2681,Makassar,Sulawesi Selatan,Gold,Loyal,2025-05-24,False
752,CUS000752,Langgeng,Prakasa,Male,1964-02-16,qsuryono@example.net,+62 (077) 850 8735,Surabaya,Jawa Timur,Bronze,Loyal,2025-08-22,True
753,CUS000753,Lanjar,Sirait,Male,1997-02-26,primahardiansyah@example.com,+62-046-573-3910,Surabaya,Jawa Timur,Gold,New,2023-08-30,True
754,CUS000754,Unjani,Yuliarti,Female,1988-05-20,budi31@example.com,(003) 505 9544,Bogor,Jawa Barat,Bronze,Regular,2026-03-17,True
755,CUS000755,Raditya,Gunarto,Female,1999-10-27,kokomustofa@example.net,+62 (0037) 498-5109,Bandung,Jawa Barat,Silver,New,2024-07-16,True
756,CUS000756,Teddy,Susanti,Female,1989-01-23,nalar84@example.org,+62 (0167) 462-6804,Bekasi,Jawa Barat,Silver,Regular,2024-02-12,True
757,CUS000757,Baktiono,Wahyudin,Male,2001-06-12,irawanmulyono@example.net,(069) 720-0234,Denpasar,Bali,Silver,Loyal,2023-10-14,True
758,CUS000758,Budi,Nurdiyanti,Male,1978-03-13,humaira81@example.org,+62 (68) 600 9168,Makassar,Sulawesi Selatan,Bronze,Regular,2024-03-06,False
759,CUS000759,Cengkal,Irawan,Female,1998-07-12,fnarpati@example.com,+62 (729) 218-0649,Medan,Sumatera Utara,Silver,Loyal,2024-12-10,False
760,CUS000760,Genta,Haryanti,Female,2003-06-03,nasim74@example.org,(0100) 397 3965,Medan,Sumatera Utara,Gold,Regular,2026-03-07,True
761,CUS000761,Genta,Padmasari,Female,1983-11-06,nasrullah40@example.org,+62 (004) 467 0049,Makassar,Sulawesi Selatan,Bronze,Regular,2024-02-15,True
762,CUS000762,Raihan,Mustofa,Male,1982-01-20,usamahdinda@example.org,(051) 026 3928,Bogor,Jawa Barat,Platinum,Regular,2024-06-06,True
763,CUS000763,Wasis,Situmorang,Male,1976-11-21,diah09@example.com,087 411 4673,Bogor,Jawa Barat,Bronze,New,2023-11-16,False
764,CUS000764,Kamila,Yuniar,Female,1974-08-18,jhutasoit@example.org,+62 (0864) 532-1077,Yogyakarta,DI Yogyakarta,Silver,VIP,2025-05-20,True
765,CUS000765,Utama,Waluyo,Male,2006-09-05,unovitasari@example.com,+62 (0816) 139-8556,Surabaya,Jawa Timur,Platinum,Loyal,2024-10-10,True
766,CUS000766,Lasmanto,Rahimah,Female,1991-11-12,bakijan91@example.net,+62 (792) 005 6683,Semarang,Jawa Tengah,Bronze,Regular,2024-06-02,True
767,CUS000767,Rahmat,Ardianto,Male,2006-01-06,dewi96@example.org,(0643) 293-0291,Denpasar,Bali,Gold,VIP,2023-12-14,True
768,CUS000768,Daniswara,Laksita,Male,1994-03-01,faizah09@example.com,(0187) 653 3546,Jakarta,DKI Jakarta,Silver,Regular,2023-08-09,True
769,CUS000769,Banawa,Tampubolon,Male,1969-08-04,ajimat12@example.net,+62 (0747) 941-9402,Yogyakarta,DI Yogyakarta,Bronze,Regular,2024-07-28,True
770,CUS000770,Pranata,Usada,Female,2008-01-12,langgenghandayani@example.org,(0223) 462 2796,Semarang,Jawa Tengah,Gold,Regular,2024-03-18,False
771,CUS000771,Jatmiko,Napitupulu,Female,2008-04-03,vega38@example.org,+62-0619-052-3241,Bandung,Jawa Barat,Bronze,Loyal,2024-01-28,False
772,CUS000772,Zulfa,Uwais,Female,1961-01-23,mandasariteguh@example.com,(012) 925 7478,Surabaya,Jawa Timur,Silver,VIP,2026-02-24,True
773,CUS000773,Mahesa,Puspita,Male,1965-12-13,ihsan53@example.com,0854244071,Jakarta,DKI Jakarta,Bronze,Regular,2026-03-26,True
774,CUS000774,Jamal,Zulaika,Female,1972-08-24,ajimatwijaya@example.com,+62-93-151-7505,Surabaya,Jawa Timur,Gold,Regular,2025-05-04,False
775,CUS000775,Ajeng,Laksmiwati,Female,1986-02-10,hasna39@example.com,+62 (12) 583 4327,Denpasar,Bali,Silver,New,2026-04-01,True
776,CUS000776,Prayitna,Anggriawan,Male,1980-04-10,kwijayanti@example.net,+62 (097) 251 6153,Medan,Sumatera Utara,Platinum,Regular,2023-08-26,True
777,CUS000777,Talia,Gunawan,Female,1969-07-04,bajragintampubolon@example.org,(014) 010 2857,Denpasar,Bali,Silver,Regular,2025-06-19,False
778,CUS000778,Parman,Hakim,Male,1986-12-20,usamahliman@example.net,+62 (33) 601-5080,Semarang,Jawa Tengah,Silver,Regular,2025-07-31,True
779,CUS000779,Arta,Sihombing,Male,1976-05-01,harja02@example.com,085 543 6777,Semarang,Jawa Tengah,Silver,VIP,2026-06-07,True
780,CUS000780,Eli,Situmorang,Female,1991-03-26,garasiregar@example.org,0850929077,Makassar,Sulawesi Selatan,Bronze,Loyal,2026-02-26,False
781,CUS000781,Danang,Ramadan,Male,1980-06-23,septiwulandari@example.org,+62-037-729-1505,Jakarta,DKI Jakarta,Bronze,New,2025-07-08,True
782,CUS000782,Ajimin,Napitupulu,Female,1983-10-30,wartasimanjuntak@example.net,0835808072,Yogyakarta,DI Yogyakarta,Gold,Regular,2024-02-28,True
783,CUS000783,Ade,Sihombing,Female,1976-03-23,lutfan48@example.net,+62-079-168-6303,Yogyakarta,DI Yogyakarta,Silver,New,2023-11-11,True
784,CUS000784,Aswani,Usamah,Male,1968-08-06,opuspita@example.net,+62 (42) 381 5640,Bogor,Jawa Barat,Silver,Regular,2024-04-02,True
785,CUS000785,Respati,Narpati,Female,1968-02-22,erikpratama@example.net,+62 (0920) 678 8740,Yogyakarta,DI Yogyakarta,Gold,Regular,2023-08-23,True
786,CUS000786,Rendy,Novitasari,Female,1971-08-01,sarahwinarsih@example.com,+62 (060) 372-7997,Makassar,Sulawesi Selatan,Bronze,Loyal,2024-09-25,True
787,CUS000787,Candra,Iswahyudi,Female,1976-10-03,enteng64@example.org,+62 (051) 960-6688,Medan,Sumatera Utara,Bronze,Loyal,2023-07-30,True
788,CUS000788,Estiono,Hutapea,Female,1974-06-04,kpudjiastuti@example.net,+62 (29) 757 7833,Surabaya,Jawa Timur,Bronze,New,2024-04-22,True
789,CUS000789,Gada,Nainggolan,Male,1989-06-18,yuliartiputu@example.net,086 670 0358,Makassar,Sulawesi Selatan,Gold,Loyal,2026-04-05,True
790,CUS000790,Lulut,Wulandari,Female,1970-08-25,harjogunawan@example.com,+62 (068) 447-4118,Yogyakarta,DI Yogyakarta,Silver,New,2024-09-18,True
791,CUS000791,Yunita,Firgantoro,Female,1964-03-16,suwarnotiara@example.org,+62-0944-972-6590,Denpasar,Bali,Bronze,Loyal,2026-06-29,False
792,CUS000792,Galih,Yulianti,Male,1992-12-28,yusufsusanti@example.net,+62 (858) 998-6523,Jakarta,DKI Jakarta,Bronze,Regular,2023-12-12,True
793,CUS000793,Jayeng,Hardiansyah,Male,1988-02-19,hidayatdalima@example.org,+62 (89) 937 9220,Makassar,Sulawesi Selatan,Silver,Regular,2024-05-22,True
794,CUS000794,Rizki,Sitompul,Male,1982-12-22,hasanahlanggeng@example.com,(0988) 326 4986,Jakarta,DKI Jakarta,Gold,Loyal,2025-09-25,True
795,CUS000795,Mahmud,Situmorang,Female,1980-12-15,kusmawatiprabawa@example.com,+62 (084) 798 9698,Medan,Sumatera Utara,Gold,Regular,2026-02-15,False
796,CUS000796,Nalar,Kusmawati,Male,1982-02-13,gabriellahardiansyah@example.net,+62-353-954-7119,Medan,Sumatera Utara,Bronze,New,2026-02-12,False
797,CUS000797,Gandi,Tampubolon,Female,1989-02-25,hutapeaulya@example.net,0810212126,Surabaya,Jawa Timur,Silver,New,2024-04-03,True
798,CUS000798,Tirtayasa,Simbolon,Female,1975-10-30,cintapradipta@example.org,+62-091-179-4254,Bandung,Jawa Barat,Silver,Regular,2025-06-22,True
799,CUS000799,Martani,Kuswoyo,Female,2002-09-14,hariyahmelinda@example.net,+62-631-168-2359,Bandung,Jawa Barat,Gold,Regular,2026-01-08,True
800,CUS000800,Humaira,Zulaika,Female,1979-10-25,napitupulugaliono@example.org,(058) 015-7395,Bandung,Jawa Barat,Platinum,Loyal,2024-04-15,False
801,CUS000801,Zelaya,Hartati,Female,1997-09-10,irianawijayanti@example.com,+62 (84) 945-2142,Makassar,Sulawesi Selatan,Bronze,Regular,2026-02-15,True
802,CUS000802,Alika,Siregar,Female,1978-06-11,endrasuartini@example.com,(0309) 510 6730,Denpasar,Bali,Silver,Regular,2026-06-18,True
803,CUS000803,Cengkir,Budiyanto,Male,1974-07-30,widiastutimarwata@example.com,+62 (824) 639-2022,Semarang,Jawa Tengah,Bronze,Regular,2026-06-24,True
804,CUS000804,Ajiono,Firmansyah,Male,1993-01-15,zsamosir@example.com,(016) 946-7321,Bogor,Jawa Barat,Gold,Loyal,2025-12-28,True
805,CUS000805,Mujur,Safitri,Female,1964-11-20,bnasyiah@example.com,+62 (006) 708 6793,Medan,Sumatera Utara,Silver,Regular,2023-09-09,False
806,CUS000806,Amalia,Dongoran,Female,1978-07-14,fsitumorang@example.com,+62 (046) 552-5160,Makassar,Sulawesi Selatan,Bronze,Loyal,2025-12-07,True
807,CUS000807,Jasmin,Wastuti,Female,2003-04-13,lhutagalung@example.org,+62 (25) 727-3147,Denpasar,Bali,Silver,Regular,2025-09-17,False
808,CUS000808,Gaduh,Widiastuti,Male,1988-10-31,salahudinraihan@example.org,(0937) 748 3198,Bekasi,Jawa Barat,Bronze,Regular,2026-03-17,True
809,CUS000809,Aisyah,Purwanti,Male,1998-03-17,emongpermadi@example.org,(060) 663-3038,Denpasar,Bali,Gold,Loyal,2025-09-12,True
810,CUS000810,Bagiya,Rajasa,Male,1966-09-07,marpaungsadina@example.net,+62 (813) 802-6434,Denpasar,Bali,Bronze,Regular,2024-07-20,True
811,CUS000811,Farhunnisa,Mahendra,Male,2001-04-26,baktiadiyulianti@example.com,+62 (44) 342-6071,Medan,Sumatera Utara,Bronze,Regular,2025-09-16,True
812,CUS000812,Reza,Adriansyah,Male,1975-05-06,cmarbun@example.org,+62 (22) 956 2439,Yogyakarta,DI Yogyakarta,Bronze,Regular,2025-12-14,True
813,CUS000813,Puspa,Natsir,Female,1995-05-10,wisnuyulianti@example.com,+62 (064) 918-4533,Jakarta,DKI Jakarta,Bronze,VIP,2026-05-29,True
814,CUS000814,Ami,Januar,Male,1999-07-10,gaimansuartini@example.org,+62 (76) 764-3043,Bekasi,Jawa Barat,Platinum,Regular,2023-11-08,True
815,CUS000815,Ophelia,Mandala,Male,1967-05-23,galursihombing@example.com,+62 (070) 519 2449,Bekasi,Jawa Barat,Gold,Loyal,2025-11-19,True
816,CUS000816,Paris,Suryono,Male,2000-03-02,jagaraga18@example.org,(0858) 326 1519,Semarang,Jawa Tengah,Bronze,Loyal,2025-04-04,True
817,CUS000817,Jaswadi,Hariyah,Female,2007-04-06,jindramangunsong@example.org,(0211) 080-0804,Yogyakarta,DI Yogyakarta,Silver,Regular,2025-05-28,True
818,CUS000818,Kayla,Wastuti,Male,1965-05-21,kpudjiastuti@example.net,0880077345,Bekasi,Jawa Barat,Silver,Regular,2025-01-27,False
819,CUS000819,Lutfan,Mandala,Male,1972-09-20,mangunsongagnes@example.org,+62 (042) 924 0245,Bekasi,Jawa Barat,Bronze,Loyal,2026-02-09,True
820,CUS000820,Raden,Safitri,Male,1988-11-12,suartinijarwadi@example.com,+62 (0716) 161-1685,Jakarta,DKI Jakarta,Silver,VIP,2026-07-18,True
821,CUS000821,Daniswara,Salahudin,Female,1970-06-19,dagel93@example.com,+62 (446) 944-1599,Bogor,Jawa Barat,Bronze,Regular,2024-08-10,True
822,CUS000822,Slamet,Nasyiah,Female,1992-08-18,dwaluyo@example.net,080 972 4119,Bekasi,Jawa Barat,Bronze,Regular,2026-05-23,True
823,CUS000823,Bella,Natsir,Male,1997-07-17,zulkarnainputri@example.com,0816509332,Surabaya,Jawa Timur,Bronze,Regular,2023-08-12,True
824,CUS000824,Puput,Laksita,Female,1974-10-18,wahyunierik@example.net,+62 (288) 573 2118,Surabaya,Jawa Timur,Bronze,Regular,2025-06-07,True
825,CUS000825,Najib,Yuliarti,Male,1995-01-30,megantarayunita@example.com,0803826252,Jakarta,DKI Jakarta,Gold,Loyal,2024-01-03,True
826,CUS000826,Ghaliyati,Gunawan,Female,1965-02-17,njanuar@example.net,+62-0674-927-6935,Surabaya,Jawa Timur,Bronze,Regular,2024-04-12,True
827,CUS000827,Tiara,Fujiati,Male,1968-02-19,oktavianitirta@example.net,(087) 944 5315,Bogor,Jawa Barat,Bronze,Loyal,2025-05-23,True
828,CUS000828,Lanang,Safitri,Male,2008-06-11,maryatihasta@example.net,+62-849-678-6664,Semarang,Jawa Tengah,Silver,Regular,2025-09-12,True
829,CUS000829,Amalia,Latupono,Female,2002-04-04,marwatasantoso@example.com,(0207) 529 1504,Bekasi,Jawa Barat,Platinum,Regular,2023-12-14,True
830,CUS000830,Panca,Tamba,Male,1998-06-05,amandala@example.org,(0384) 015 6876,Yogyakarta,DI Yogyakarta,Gold,Regular,2024-03-11,True
831,CUS000831,Mujur,Maryati,Male,1994-10-08,esitorus@example.net,+62-157-543-3973,Surabaya,Jawa Timur,Bronze,New,2026-02-14,True
832,CUS000832,Kemba,Permadi,Male,2002-07-25,gpalastri@example.org,+62 (068) 182-9376,Medan,Sumatera Utara,Bronze,Regular,2024-09-24,False
833,CUS000833,Praba,Prasetyo,Female,1993-06-19,hmandasari@example.org,+62 (0684) 515-8030,Surabaya,Jawa Timur,Bronze,Loyal,2025-08-21,True
834,CUS000834,Darsirah,Oktaviani,Female,1967-07-17,amelialatupono@example.com,+62-0250-702-6277,Denpasar,Bali,Bronze,New,2025-08-17,True
835,CUS000835,Balijan,Ramadan,Male,1961-04-21,diahsafitri@example.com,+62 (069) 763-7380,Surabaya,Jawa Timur,Silver,Loyal,2025-02-11,True
836,CUS000836,Umay,Anggraini,Female,2006-04-22,tampubolongarda@example.org,(081) 001 1958,Makassar,Sulawesi Selatan,Gold,New,2025-02-12,True
837,CUS000837,Luthfi,Irawan,Male,1976-10-10,hasanahyono@example.net,(034) 915-9412,Denpasar,Bali,Gold,New,2025-02-16,True
838,CUS000838,Rini,Latupono,Female,1963-08-18,genta93@example.com,+62 (326) 895-4838,Bogor,Jawa Barat,Silver,Loyal,2024-07-14,False
839,CUS000839,Ganjaran,Nababan,Female,1971-05-30,rahmi69@example.com,085 112 2762,Makassar,Sulawesi Selatan,Platinum,Regular,2026-03-13,True
840,CUS000840,Banawi,Uyainah,Female,1987-02-10,nramadan@example.net,+62 (044) 507-2481,Medan,Sumatera Utara,Gold,Loyal,2023-12-07,True
841,CUS000841,Karen,Pradana,Male,1970-04-05,sabar58@example.org,+62 (388) 403-9695,Denpasar,Bali,Platinum,Regular,2024-06-25,True
842,CUS000842,Rahman,Lazuardi,Female,1998-01-09,saiful05@example.com,(0493) 367-5434,Bandung,Jawa Barat,Bronze,Regular,2024-11-27,True
843,CUS000843,Umaya,Sihotang,Female,1993-10-07,cpalastri@example.net,+62 (0657) 792-5275,Makassar,Sulawesi Selatan,Silver,Loyal,2024-12-11,False
844,CUS000844,Hardana,Permadi,Male,1986-10-31,mandriani@example.org,+62 (36) 241-4784,Denpasar,Bali,Gold,Regular,2023-09-19,True
845,CUS000845,Genta,Setiawan,Female,1993-06-15,napitupulurafi@example.com,+62-275-781-8009,Medan,Sumatera Utara,Silver,VIP,2023-08-11,True
846,CUS000846,Maras,Yulianti,Male,1978-08-15,saefullahkarimah@example.org,+62-767-460-7542,Bogor,Jawa Barat,Bronze,Regular,2026-06-18,True
847,CUS000847,Kawaca,Astuti,Female,1982-02-26,adhiarja83@example.com,0816320145,Yogyakarta,DI Yogyakarta,Bronze,VIP,2025-05-15,True
848,CUS000848,Ella,Winarsih,Female,1983-02-16,harjasazulkarnain@example.com,+62 (833) 028 6043,Bogor,Jawa Barat,Bronze,Regular,2025-10-15,True
849,CUS000849,Nadine,Setiawan,Male,2005-02-17,qnarpati@example.com,0853972052,Bogor,Jawa Barat,Silver,Loyal,2024-10-07,True
850,CUS000850,Satya,Natsir,Male,1961-03-30,bagas38@example.com,(0444) 218 6622,Surabaya,Jawa Timur,Gold,New,2025-03-27,True
851,CUS000851,Wira,Budiyanto,Male,1964-11-10,laras76@example.net,+62-730-914-8974,Bekasi,Jawa Barat,Bronze,Loyal,2024-07-11,True
852,CUS000852,Candra,Kusmawati,Female,1997-10-05,gaiman26@example.org,+62 (46) 746-8552,Makassar,Sulawesi Selatan,Bronze,VIP,2024-09-01,False
853,CUS000853,Talia,Saputra,Male,1981-03-14,hutasoitmursinin@example.net,(0926) 420 8840,Yogyakarta,DI Yogyakarta,Silver,Regular,2024-12-25,True
854,CUS000854,Rudi,Jailani,Male,1987-10-31,muni50@example.org,+62 (970) 510 9298,Denpasar,Bali,Silver,Loyal,2025-01-07,True
855,CUS000855,Mahfud,Simbolon,Male,1968-11-07,xprasetya@example.com,(0479) 308 8353,Medan,Sumatera Utara,Bronze,New,2024-03-20,True
856,CUS000856,Taufan,Yuliarti,Male,1965-04-20,kenari53@example.com,+62-22-636-0587,Bogor,Jawa Barat,Bronze,Loyal,2024-09-14,True
857,CUS000857,Ophelia,Namaga,Female,2008-07-02,hpranowo@example.org,+62 (074) 839 4630,Denpasar,Bali,Bronze,Regular,2025-07-21,True
858,CUS000858,Hadi,Siregar,Male,2007-09-30,ciaobella71@example.net,(029) 100-8454,Denpasar,Bali,Silver,Regular,2025-12-01,False
859,CUS000859,Wira,Suryatmi,Male,2003-08-13,wastutiyosef@example.net,084 728 6464,Denpasar,Bali,Gold,Regular,2023-09-27,False
860,CUS000860,Widya,Simanjuntak,Male,1975-02-01,karsana27@example.org,(031) 097 9980,Bandung,Jawa Barat,Silver,Loyal,2024-10-12,False
861,CUS000861,Ade,Wasita,Male,1987-02-27,salimahagustina@example.com,(0250) 620 1604,Surabaya,Jawa Timur,Gold,Loyal,2025-07-25,True
862,CUS000862,Bahuwirya,Mandala,Female,1963-05-18,rajataakarsana@example.net,+62 (955) 277-4417,Bekasi,Jawa Barat,Bronze,Regular,2026-03-07,True
863,CUS000863,Daliman,Marbun,Female,1988-12-23,azaleairawan@example.net,(075) 228 3657,Medan,Sumatera Utara,Bronze,Loyal,2026-06-21,True
864,CUS000864,Warji,Nababan,Male,1978-07-10,dtamba@example.org,+62-0973-829-4538,Bandung,Jawa Barat,Bronze,New,2024-12-29,False
865,CUS000865,Puput,Halim,Male,1995-07-10,wibisononadine@example.net,(0861) 399-5571,Makassar,Sulawesi Selatan,Silver,Loyal,2025-01-27,False
866,CUS000866,Darimin,Rahayu,Male,1981-09-10,rahimahnajam@example.com,+62 (0453) 060-7419,Bandung,Jawa Barat,Bronze,New,2023-07-27,False
867,CUS000867,Karya,Adriansyah,Female,1984-05-12,cawuk57@example.net,(093) 792 1567,Medan,Sumatera Utara,Silver,New,2026-07-05,True
868,CUS000868,Hartana,Marpaung,Male,1993-11-21,shartati@example.net,+62 (901) 157 4820,Semarang,Jawa Tengah,Bronze,Regular,2024-12-01,True
869,CUS000869,Elon,Saptono,Male,1973-07-17,aryanikawaya@example.com,+62-0536-329-2324,Bandung,Jawa Barat,Silver,New,2023-12-29,False
870,CUS000870,Martani,Handayani,Female,1963-05-09,iprakasa@example.com,+62 (891) 009-0677,Surabaya,Jawa Timur,Gold,Regular,2025-10-06,False
871,CUS000871,Shakila,Natsir,Female,1971-02-07,rahayujanuar@example.net,+62 (488) 272-0881,Makassar,Sulawesi Selatan,Platinum,Regular,2025-11-25,True
872,CUS000872,Cemani,Andriani,Male,1989-03-11,hwaluyo@example.com,+62-93-638-7894,Denpasar,Bali,Gold,Regular,2025-08-14,False
873,CUS000873,Harsaya,Saputra,Male,2007-02-19,lmelani@example.org,(0855) 983 4883,Jakarta,DKI Jakarta,Bronze,Regular,2024-06-08,True
874,CUS000874,Opung,Hidayat,Male,2005-12-25,urajasa@example.org,(0253) 622 6457,Bogor,Jawa Barat,Bronze,Loyal,2025-06-10,True
875,CUS000875,Warta,Saputra,Female,1992-01-25,saptonolukman@example.net,+62 (50) 551 7534,Makassar,Sulawesi Selatan,Gold,VIP,2026-07-02,False
876,CUS000876,Kanda,Sitompul,Female,2000-08-19,harsana24@example.net,+62 (573) 344-9237,Semarang,Jawa Tengah,Bronze,Regular,2024-08-13,True
877,CUS000877,Martaka,Nainggolan,Female,1996-09-19,luisiswahyudi@example.net,+62 (071) 063-6133,Bandung,Jawa Barat,Bronze,Regular,2023-08-23,True
878,CUS000878,Karna,Kusmawati,Female,1969-09-18,teddymarbun@example.com,+62-63-671-8862,Jakarta,DKI Jakarta,Gold,New,2024-10-05,False
879,CUS000879,Elvina,Oktaviani,Male,2007-12-27,mmandala@example.net,(079) 658 1191,Yogyakarta,DI Yogyakarta,Silver,Regular,2025-06-18,True
880,CUS000880,Patricia,Ardianto,Male,1978-11-04,ywidiastuti@example.com,+62 (075) 046-1636,Bekasi,Jawa Barat,Gold,Loyal,2026-07-15,True
881,CUS000881,Erik,Farida,Male,1976-08-31,cnamaga@example.net,+62-0350-821-6434,Surabaya,Jawa Timur,Bronze,Loyal,2024-08-23,True
882,CUS000882,Nilam,Thamrin,Male,2005-07-20,wardipratiwi@example.net,+62 (005) 991-7857,Bandung,Jawa Barat,Bronze,Regular,2025-07-29,False
883,CUS000883,Kenzie,Melani,Female,1972-07-04,nainggolansyahrini@example.com,(0490) 695-5101,Yogyakarta,DI Yogyakarta,Bronze,New,2024-06-06,False
884,CUS000884,Gamani,Padmasari,Male,2001-06-23,damu91@example.net,+62-64-807-4543,Bandung,Jawa Barat,Platinum,Loyal,2025-11-01,True
885,CUS000885,Galur,Nasyidah,Male,2007-06-16,twidiastuti@example.com,+62-078-843-0267,Denpasar,Bali,Gold,Regular,2023-11-13,True
886,CUS000886,Kayla,Yuliarti,Male,1975-07-02,abyasaharyanti@example.net,+62 (946) 788-9485,Bandung,Jawa Barat,Bronze,Regular,2026-04-10,True
887,CUS000887,Wage,Mayasari,Female,1961-03-15,rini01@example.net,+62-76-314-7708,Bogor,Jawa Barat,Silver,Regular,2026-02-04,True
888,CUS000888,Warta,Salahudin,Male,1991-11-14,pia17@example.com,(079) 042 4842,Denpasar,Bali,Gold,New,2025-03-23,True
889,CUS000889,Ihsan,Saragih,Female,2008-03-15,utamijindra@example.com,(085) 574-7579,Jakarta,DKI Jakarta,Gold,Loyal,2024-05-13,True
890,CUS000890,Nurul,Ardianto,Male,1986-01-31,irfanwastuti@example.net,+62-061-402-5100,Semarang,Jawa Tengah,Silver,New,2025-10-21,False
891,CUS000891,Ridwan,Jailani,Male,2001-11-20,tediwibowo@example.org,(0264) 148 9584,Makassar,Sulawesi Selatan,Bronze,Regular,2024-12-31,True
892,CUS000892,Nadia,Nasyiah,Male,1989-09-10,caturangga42@example.org,+62 (096) 468 1309,Surabaya,Jawa Timur,Silver,New,2024-09-20,True
893,CUS000893,Maya,Prabowo,Female,1972-05-27,olailasari@example.net,+62-432-302-1644,Medan,Sumatera Utara,Silver,Regular,2023-11-04,True
894,CUS000894,Among,Padmasari,Male,1992-03-05,nasyiahvinsen@example.com,+62 (600) 920-6617,Bogor,Jawa Barat,Bronze,Loyal,2024-10-15,True
895,CUS000895,Kurnia,Rajata,Female,1989-02-23,taliamarbun@example.net,+62 (020) 011-0241,Surabaya,Jawa Timur,Silver,Regular,2025-07-25,True
896,CUS000896,Himawan,Maryadi,Male,1998-07-30,mamanwahyuni@example.net,+62 (0647) 951-7554,Jakarta,DKI Jakarta,Gold,New,2025-05-16,False
897,CUS000897,Eli,Widiastuti,Male,1995-03-02,manullangalambana@example.com,(0667) 429-3993,Makassar,Sulawesi Selatan,Bronze,Loyal,2026-02-26,False
898,CUS000898,Prasetyo,Hartati,Female,1969-03-10,wawanastuti@example.org,+62-85-588-9741,Makassar,Sulawesi Selatan,Silver,Loyal,2026-04-06,True
899,CUS000899,Yani,Santoso,Female,2005-09-24,elisaiswahyudi@example.net,+62 (0956) 678-9243,Makassar,Sulawesi Selatan,Bronze,Regular,2025-09-15,True
900,CUS000900,Gandi,Saragih,Female,2003-04-08,verawinarno@example.net,+62 (571) 819 5963,Bekasi,Jawa Barat,Platinum,Loyal,2024-03-20,False
901,CUS000901,Cinthia,Pratiwi,Female,1966-05-22,wijayaopung@example.net,+62-0363-580-3756,Medan,Sumatera Utara,Gold,New,2023-11-10,False
902,CUS000902,Heru,Haryanti,Male,1983-09-07,kajen22@example.org,0889403962,Makassar,Sulawesi Selatan,Bronze,Regular,2025-07-27,True
903,CUS000903,Capa,Firgantoro,Female,2005-01-23,ardiantotaswir@example.org,+62 (0031) 499-6408,Bekasi,Jawa Barat,Bronze,Regular,2025-03-14,True
904,CUS000904,Garan,Kusumo,Female,1973-05-17,ekalailasari@example.org,+62-39-492-0295,Bandung,Jawa Barat,Bronze,Regular,2023-10-26,True
905,CUS000905,Embuh,Rahimah,Female,1989-05-20,cindy09@example.org,+62 (473) 686 8275,Bekasi,Jawa Barat,Bronze,Regular,2025-08-19,False
906,CUS000906,Harjo,Firmansyah,Female,1970-01-03,hasna37@example.com,0856712436,Denpasar,Bali,Silver,Regular,2024-06-15,True
907,CUS000907,Mursinin,Nainggolan,Male,1968-03-26,tanianasyidah@example.com,+62-063-493-3543,Denpasar,Bali,Bronze,Regular,2024-11-02,True
908,CUS000908,Cawisono,Sihombing,Male,1978-02-12,guyainah@example.org,+62-00-441-9805,Denpasar,Bali,Gold,Regular,2025-06-06,True
909,CUS000909,Tiara,Purnawati,Female,1970-10-25,spalastri@example.org,+62 (0978) 912-2887,Bogor,Jawa Barat,Silver,VIP,2024-03-27,True
910,CUS000910,Aditya,Aryani,Female,1968-01-19,prasetyoqori@example.org,+62 (0512) 015 3016,Makassar,Sulawesi Selatan,Bronze,VIP,2024-02-11,False
911,CUS000911,Lulut,Hutasoit,Male,1993-05-27,kasiyahmangunsong@example.com,+62-021-348-3999,Bekasi,Jawa Barat,Bronze,Loyal,2024-12-21,False
912,CUS000912,Ihsan,Maulana,Male,1978-11-18,nataliawaskita@example.org,+62 (0292) 301-9581,Semarang,Jawa Tengah,Gold,VIP,2024-04-20,True
913,CUS000913,Banara,Siregar,Female,1994-11-11,opung80@example.net,+62 (002) 004 1478,Medan,Sumatera Utara,Silver,New,2024-07-07,True
914,CUS000914,Violet,Andriani,Female,1976-08-26,flatupono@example.com,0865710070,Semarang,Jawa Tengah,Silver,New,2024-03-26,False
915,CUS000915,Yosef,Zulkarnain,Female,1977-04-14,jasminsafitri@example.com,+62 (549) 365 0800,Makassar,Sulawesi Selatan,Bronze,Regular,2024-06-07,False
916,CUS000916,Mahmud,Iswahyudi,Male,1975-04-03,maryadisaefullah@example.com,+62-290-158-3723,Denpasar,Bali,Bronze,Loyal,2024-04-30,True
917,CUS000917,Muhammad,Saptono,Female,1992-04-21,yyuniar@example.org,+62 (0772) 810 5127,Semarang,Jawa Tengah,Silver,Regular,2025-09-18,False
918,CUS000918,Kasusra,Kuswoyo,Female,1967-02-26,anomwahyudin@example.org,+62 (083) 377 7987,Bandung,Jawa Barat,Bronze,Loyal,2024-08-06,True
919,CUS000919,Cakrabuana,Rahmawati,Male,1978-10-02,xprakasa@example.org,+62 (069) 639-5587,Denpasar,Bali,Bronze,Loyal,2024-03-30,False
920,CUS000920,Luis,Yuliarti,Male,1970-02-26,nurulanggraini@example.com,+62 (0464) 958-1907,Makassar,Sulawesi Selatan,Gold,Regular,2026-05-02,True
921,CUS000921,Olivia,Salahudin,Female,1978-06-17,qsimanjuntak@example.net,0896525354,Medan,Sumatera Utara,Silver,Regular,2023-12-14,False
922,CUS000922,Bagas,Habibi,Male,1967-06-30,artaprakasa@example.com,(092) 433-1301,Bandung,Jawa Barat,Gold,Regular,2025-05-16,True
923,CUS000923,Puput,Wastuti,Female,1968-01-04,kusumahariyah@example.net,0832019498,Bekasi,Jawa Barat,Silver,New,2026-04-03,True
924,CUS000924,Hilda,Palastri,Male,2001-03-26,marsitoharyanti@example.org,+62 (520) 461 1614,Medan,Sumatera Utara,Bronze,Loyal,2025-08-07,True
925,CUS000925,Maman,Pradana,Female,1970-06-01,handayanidarman@example.org,(0815) 423-8316,Denpasar,Bali,Bronze,Regular,2024-05-06,True
926,CUS000926,Himawan,Handayani,Male,1981-11-22,ozyprasetyo@example.org,(010) 899-4261,Surabaya,Jawa Timur,Bronze,Loyal,2025-03-18,True
927,CUS000927,Caraka,Sihombing,Male,1985-11-29,ophelia35@example.net,+62 (017) 749 4125,Medan,Sumatera Utara,Bronze,Regular,2025-11-29,True
928,CUS000928,Ani,Marpaung,Female,1989-06-26,mwastuti@example.com,+62 (225) 889 8491,Bandung,Jawa Barat,Platinum,Regular,2025-03-07,False
929,CUS000929,Bakijan,Adriansyah,Female,2007-03-15,napitupuluasmianto@example.org,+62 (0932) 001-6010,Yogyakarta,DI Yogyakarta,Silver,Regular,2026-07-01,True
930,CUS000930,Jati,Namaga,Female,1973-12-08,wani29@example.com,+62-0692-497-2753,Medan,Sumatera Utara,Bronze,Regular,2026-03-15,True
931,CUS000931,Gabriella,Sudiati,Male,1970-02-07,sinagaasmianto@example.net,(0770) 236-6527,Makassar,Sulawesi Selatan,Platinum,Regular,2024-11-20,True
932,CUS000932,Daliman,Haryanti,Female,1999-08-31,isaputra@example.org,+62-027-696-8263,Surabaya,Jawa Timur,Silver,Loyal,2025-08-07,True
933,CUS000933,Radit,Ardianto,Female,1999-08-06,jzulkarnain@example.net,(057) 923-2058,Medan,Sumatera Utara,Bronze,Regular,2025-05-12,True
934,CUS000934,Zulaikha,Pratama,Female,1976-08-31,paris47@example.net,+62 (58) 979 2918,Surabaya,Jawa Timur,Bronze,Loyal,2023-09-09,True
935,CUS000935,Padma,Iswahyudi,Male,1985-04-29,omahendra@example.org,(030) 721-5368,Medan,Sumatera Utara,Silver,Regular,2024-08-31,False
936,CUS000936,Nadia,Riyanti,Male,1998-10-13,umahendra@example.com,(0004) 584-9944,Medan,Sumatera Utara,Gold,Loyal,2024-09-11,False
937,CUS000937,Ilsa,Palastri,Female,1967-03-29,oskarbudiyanto@example.net,+62 (024) 935 9550,Semarang,Jawa Tengah,Bronze,Regular,2024-12-27,False
938,CUS000938,Setya,Permata,Male,1976-12-12,nugrohokasusra@example.org,+62-55-021-5089,Surabaya,Jawa Timur,Bronze,Loyal,2026-03-15,True
939,CUS000939,Zulaikha,Waluyo,Male,1972-04-17,sudiatilintang@example.com,(0656) 826 7816,Medan,Sumatera Utara,Silver,Regular,2024-02-01,True
940,CUS000940,Cecep,Pradipta,Male,1976-08-05,adriansyahdanuja@example.com,+62 (0802) 374-4870,Makassar,Sulawesi Selatan,Bronze,VIP,2026-02-20,False
941,CUS000941,Ratna,Wasita,Male,1962-06-29,margana36@example.org,+62 (318) 323 3206,Jakarta,DKI Jakarta,Bronze,Loyal,2025-06-24,True
942,CUS000942,Zulaikha,Sudiati,Female,2004-11-25,natalia51@example.org,0843100570,Medan,Sumatera Utara,Silver,Regular,2025-01-23,True
943,CUS000943,Bahuwirya,Prakasa,Female,1968-11-22,kurniauyainah@example.net,+62-0412-919-7002,Jakarta,DKI Jakarta,Gold,New,2025-08-26,True
944,CUS000944,Oman,Hakim,Male,1993-11-28,cprasetya@example.net,+62 (79) 192 1242,Bandung,Jawa Barat,Platinum,Loyal,2025-08-15,True
945,CUS000945,Farhunnisa,Hariyah,Female,1995-04-19,danangmandala@example.net,(074) 479 7279,Medan,Sumatera Utara,Silver,Regular,2026-07-19,True
946,CUS000946,Anom,Maryadi,Female,1960-12-13,taswir34@example.com,0820274446,Bandung,Jawa Barat,Bronze,New,2025-12-01,True
947,CUS000947,Kamidin,Sihombing,Female,1966-10-13,harjayasuryono@example.net,+62 (047) 329 5687,Surabaya,Jawa Timur,Bronze,Regular,2024-06-23,True
948,CUS000948,Margana,Firgantoro,Male,1976-07-20,koko82@example.org,+62 (266) 195 5601,Jakarta,DKI Jakarta,Gold,Loyal,2024-06-15,True
949,CUS000949,Dartono,Hastuti,Female,2004-03-20,fujiaticahyo@example.org,+62 (10) 296-5454,Bogor,Jawa Barat,Bronze,Loyal,2025-05-13,True
950,CUS000950,Raden,Mandasari,Female,1998-10-07,tambawisnu@example.org,0871889347,Surabaya,Jawa Timur,Bronze,Loyal,2024-06-28,True
951,CUS000951,Salsabila,Oktaviani,Male,2003-10-22,hani42@example.net,+62 (681) 506 2108,Bogor,Jawa Barat,Silver,Loyal,2026-07-01,False
952,CUS000952,Mulyono,Haryanti,Female,1981-10-16,kurniawanoskar@example.org,+62-0100-880-2172,Denpasar,Bali,Silver,Loyal,2026-07-15,False
953,CUS000953,Citra,Yuliarti,Male,1971-08-01,jaimansamosir@example.com,0892442391,Bandung,Jawa Barat,Silver,New,2025-03-27,False
954,CUS000954,Anastasia,Yolanda,Female,1976-04-01,gunawanmahfud@example.net,(071) 361 5034,Makassar,Sulawesi Selatan,Silver,VIP,2024-02-24,True
955,CUS000955,Murti,Simanjuntak,Male,1985-01-08,marganaanggriawan@example.com,+62-509-558-2079,Jakarta,DKI Jakarta,Silver,New,2025-07-06,True
956,CUS000956,Oman,Santoso,Female,1961-02-16,yunitamba@example.net,+62-095-524-2952,Makassar,Sulawesi Selatan,Bronze,Loyal,2025-03-16,True
957,CUS000957,Manah,Anggriawan,Male,1971-05-11,megantarakenes@example.net,+62-012-715-8914,Semarang,Jawa Tengah,Bronze,VIP,2024-09-15,True
958,CUS000958,Arsipatra,Uwais,Female,2003-02-24,gunartomuhammad@example.com,+62 (594) 816-0067,Jakarta,DKI Jakarta,Silver,Loyal,2026-06-09,True
959,CUS000959,Eva,Halim,Female,2007-07-04,makarasuryatmi@example.org,+62 (039) 107-7749,Makassar,Sulawesi Selatan,Bronze,Loyal,2026-07-18,False
960,CUS000960,Cemeti,Melani,Male,1969-03-14,gamanimardhiyah@example.com,+62 (49) 078 1594,Makassar,Sulawesi Selatan,Silver,VIP,2025-04-28,True
961,CUS000961,Lanang,Maheswara,Male,1966-01-10,mahmud38@example.org,+62 (021) 872 8728,Makassar,Sulawesi Selatan,Bronze,Regular,2024-10-21,True
962,CUS000962,Johan,Lailasari,Female,1982-07-31,siregarmartaka@example.net,+62 (92) 581 3336,Jakarta,DKI Jakarta,Bronze,Loyal,2024-07-09,True
963,CUS000963,Febi,Purnawati,Male,1972-01-03,faridasurya@example.net,+62 (095) 597 3678,Bandung,Jawa Barat,Silver,Regular,2024-03-10,True
964,CUS000964,Dacin,Rajasa,Female,1993-10-18,ilyas22@example.com,+62 (0215) 627 8502,Semarang,Jawa Tengah,Silver,Loyal,2025-02-11,True
965,CUS000965,Dwi,Saragih,Male,1960-09-25,ganda42@example.com,+62-331-755-8842,Bogor,Jawa Barat,Platinum,Loyal,2024-04-20,True
966,CUS000966,Estiawan,Kusumo,Male,1981-03-23,jumadi13@example.org,081 974 6070,Bekasi,Jawa Barat,Silver,Regular,2024-08-25,True
967,CUS000967,Bahuraksa,Handayani,Male,1985-10-16,cakrabirawa02@example.org,+62 (004) 711 1077,Bekasi,Jawa Barat,Silver,Regular,2023-11-10,False
968,CUS000968,Gaman,Uyainah,Male,2005-03-20,wardithamrin@example.org,(0269) 789 6979,Semarang,Jawa Tengah,Gold,Loyal,2025-05-28,True
969,CUS000969,Gara,Siregar,Female,2000-02-03,kusumoirsad@example.net,+62 (145) 085 6656,Bekasi,Jawa Barat,Bronze,Regular,2025-06-23,True
970,CUS000970,Bakianto,Maheswara,Male,2001-07-18,mmelani@example.com,+62 (516) 018 4923,Surabaya,Jawa Timur,Silver,Loyal,2024-12-22,True
971,CUS000971,Muni,Ardianto,Female,1961-10-22,qhandayani@example.com,0825097272,Jakarta,DKI Jakarta,Gold,Loyal,2026-05-26,True
972,CUS000972,Prasetya,Halim,Female,1995-03-06,vnasyiah@example.org,+62 (036) 345 2916,Bogor,Jawa Barat,Bronze,Regular,2024-02-13,True
973,CUS000973,Padma,Simbolon,Female,1965-03-12,niyagapuspita@example.com,+62 (0573) 093-2863,Semarang,Jawa Tengah,Bronze,Regular,2023-11-03,False
974,CUS000974,Kariman,Ardianto,Female,1996-06-30,santosoutama@example.org,+62 (0841) 597-0432,Bandung,Jawa Barat,Gold,VIP,2026-04-10,False
975,CUS000975,Estiawan,Puspita,Male,1989-09-07,laksmiwatiliman@example.net,+62 (293) 045 8188,Surabaya,Jawa Timur,Silver,Regular,2024-10-05,True
976,CUS000976,Satya,Putra,Female,1979-04-25,laksmiwatikarsana@example.com,085 054 3690,Semarang,Jawa Tengah,Silver,Loyal,2023-08-11,False
977,CUS000977,Reza,Hassanah,Male,1971-06-30,restuprasasta@example.com,+62-020-997-2162,Jakarta,DKI Jakarta,Bronze,Loyal,2024-11-08,False
978,CUS000978,Bancar,Yuliarti,Male,2000-02-12,bahuraksanamaga@example.com,0862801003,Bogor,Jawa Barat,Bronze,Loyal,2024-01-30,True
979,CUS000979,Dian,Winarno,Male,2005-12-16,naradi31@example.net,086 493 8377,Yogyakarta,DI Yogyakarta,Silver,Regular,2025-01-16,True
980,CUS000980,Elisa,Utama,Male,1996-09-10,prayogo84@example.com,+62-035-050-5665,Surabaya,Jawa Timur,Silver,VIP,2024-07-04,False
981,CUS000981,Bagas,Suryatmi,Male,1969-11-11,maryadiluhung@example.net,+62 (657) 416 5683,Denpasar,Bali,Silver,Loyal,2025-12-07,True
982,CUS000982,Ozy,Mulyani,Female,2007-08-18,lembah19@example.org,+62-04-139-5756,Yogyakarta,DI Yogyakarta,Bronze,Regular,2025-06-27,True
983,CUS000983,Prayitna,Sudiati,Male,1977-10-02,wardayapradana@example.com,088 721 7619,Denpasar,Bali,Gold,Regular,2024-03-23,True
984,CUS000984,Tedi,Prakasa,Male,1973-12-24,narji34@example.org,(0754) 555 3566,Bogor,Jawa Barat,Gold,Loyal,2026-01-09,True
985,CUS000985,Vera,Sihotang,Female,1991-09-14,ibrahim41@example.org,+62 (029) 481-9427,Bekasi,Jawa Barat,Silver,VIP,2024-04-24,False
986,CUS000986,Paramita,Marbun,Male,1990-12-20,saputracahyanto@example.net,+62 (0350) 905 5769,Yogyakarta,DI Yogyakarta,Silver,Loyal,2025-11-27,True
987,CUS000987,Fathonah,Waluyo,Male,1976-12-24,wpratama@example.net,+62 (02) 857-6356,Jakarta,DKI Jakarta,Bronze,New,2024-12-31,True
988,CUS000988,Daru,Napitupulu,Male,1988-04-19,hasnariyanti@example.com,(056) 590 1295,Denpasar,Bali,Bronze,Loyal,2024-01-06,True
989,CUS000989,Lalita,Gunarto,Male,2007-12-25,kusumolidya@example.org,(063) 406 0724,Yogyakarta,DI Yogyakarta,Silver,Regular,2024-09-30,True
990,CUS000990,Gatra,Purnawati,Female,1996-12-07,nasyiahviktor@example.org,+62 (88) 785 7842,Bogor,Jawa Barat,Bronze,VIP,2026-04-13,True
991,CUS000991,Anggabaya,Natsir,Female,1996-10-27,ghaliyati95@example.net,+62 (065) 248-2320,Bekasi,Jawa Barat,Bronze,Regular,2024-03-11,True
992,CUS000992,Ade,Haryanti,Female,1994-08-05,harimurti50@example.com,+62-73-217-4026,Bogor,Jawa Barat,Bronze,Loyal,2023-08-02,True
993,CUS000993,Budi,Irawan,Female,1986-04-20,mahmud61@example.com,0817581784,Jakarta,DKI Jakarta,Silver,New,2025-11-29,True
994,CUS000994,Gamanto,Jailani,Female,1981-09-29,novitasaricornelia@example.org,+62 (92) 730-5132,Medan,Sumatera Utara,Gold,Loyal,2024-02-02,False
995,CUS000995,Victoria,Maryadi,Male,1997-01-18,edward30@example.org,+62 (052) 549 4402,Bandung,Jawa Barat,Bronze,VIP,2025-09-29,True
996,CUS000996,Warsa,Gunawan,Female,2006-06-01,jono50@example.org,0885891043,Semarang,Jawa Tengah,Bronze,New,2025-05-30,True
997,CUS000997,Enteng,Siregar,Female,1994-07-11,ganjaranmayasari@example.com,+62 (63) 539-3845,Bogor,Jawa Barat,Bronze,Regular,2024-08-29,False
998,CUS000998,Vivi,Rahmawati,Female,1975-03-04,jaismaryadi@example.net,(0171) 606-3425,Makassar,Sulawesi Selatan,Silver,Regular,2024-04-09,False
999,CUS000999,Ophelia,Samosir,Male,1975-07-14,hartoaryani@example.net,+62-0058-820-2432,Semarang,Jawa Tengah,Gold,New,2025-07-02,True
1000,CUS001000,Ridwan,Utama,Male,1971-04-18,smansur@example.com,+62-819-324-3047,Bekasi,Jawa Barat,Gold,Loyal,2026-03-26,True
