return_key,return_code,sales_key,sales_detail_key,product_key,stock_key,return_date_key,return_quantity,unit_price,gross_return,discount_amount,tax_amount,refund_amount,cost_price,return_reason,refund_method,return_status
1,RET000001,47716,125728,546,8933,20260719,1,42500,42500,0,0,42500,35600,Expired Product,Bank Transfer,Completed
2,RET000002,10033,26512,732,12007,20250603,4,43200,172800,0,0,172800,37000,Damaged Product,E-Wallet,Pending
3,RET000003,3017,8073,461,7495,20250706,1,10183800,10183800,0,1120218,11304018,9060300,Quality Issue,Store Credit,Completed
4,RET000004,3017,8074,748,12276,20250706,1,5137500,5137500,0,565125,5702625,4084200,Defective Product,Store Credit,Completed
5,RET000005,1491,4044,450,7316,20241005,1,259900,259900,0,28589,288489,171600,Wrong Item Sent,Cash,Completed
6,RET000006,48515,127892,133,2187,20250820,1,16927400,16927400,150000,1845514,18622914,15129400,Incorrect Size,Cash,Completed
7,RET000007,37231,98074,783,12866,20240327,5,337600,1688000,0,185680,1873680,262000,Damaged Product,Bank Transfer,Completed
8,RET000008,37231,98075,472,7686,20240327,3,182600,547800,0,60258,608058,126400,Quality Issue,Cash,Completed
9,RET000009,11404,30105,939,15380,20260613,1,1142100,1142100,0,125631,1267731,847100,Defective Product,E-Wallet,Completed
10,RET000010,28480,75032,487,7946,20220809,1,7340900,7340900,0,807499,8148399,5880400,Damaged Product,Bank Transfer,Completed
11,RET000011,42192,111114,27,446,20250623,2,314700,629400,10000,68134,687534,203600,Quality Issue,Voucher,Completed
12,RET000012,42192,111116,509,8331,20250623,3,322700,968100,6000,105831,1067931,243400,Customer Changed Mind,E-Wallet,Completed
13,RET000013,25961,68381,660,10826,20241220,3,131300,393900,100000,32329,326229,95700,Customer Changed Mind,E-Wallet,Completed
14,RET000014,23614,62261,68,1106,20220913,1,7864600,7864600,0,865106,8729706,6828800,Customer Changed Mind,Cash,Completed
15,RET000015,45036,118633,642,10526,20260618,1,324700,324700,25000,32967,332667,248600,Incorrect Size,E-Wallet,Completed
16,RET000016,38192,100551,511,8363,20220628,1,208500,208500,0,22935,231435,158800,Late Delivery,Bank Transfer,Completed
17,RET000017,38192,100553,332,5410,20220628,3,632700,1898100,0,208791,2106891,455600,Expired Product,Bank Transfer,Completed
18,RET000018,48795,128639,569,9342,20250819,2,683400,1366800,0,150348,1517148,545600,Customer Changed Mind,Voucher,Completed
19,RET000019,8661,22892,110,1796,20250105,1,4085700,4085700,204285,426955,4308370,3338000,Customer Changed Mind,Store Credit,Completed
20,RET000020,8661,22893,881,14457,20250105,2,487600,975200,0,107272,1082472,350500,Defective Product,E-Wallet,Completed
21,RET000021,46828,123413,361,5871,20241028,2,4471600,8943200,0,983752,9926952,3606200,Customer Changed Mind,Store Credit,Completed
22,RET000022,10726,28386,8,136,20220109,3,59300,177900,0,19569,197469,44100,Customer Changed Mind,Bank Transfer,Completed
23,RET000023,32598,86058,116,1893,20260322,2,4701100,9402200,0,1034242,10436442,3821600,Customer Changed Mind,E-Wallet,Completed
24,RET000024,19802,52226,423,6876,20251220,1,756700,756700,0,83237,839937,531100,Customer Changed Mind,Cash,Completed
25,RET000025,20695,54597,383,6230,20250604,1,6519700,6519700,150000,700667,7070367,5542000,Wrong Item Sent,E-Wallet,Completed
26,RET000026,20695,54598,885,14513,20250604,1,902400,902400,90240,89337,901497,649600,Customer Changed Mind,E-Wallet,Completed
27,RET000027,33194,87639,140,2296,20220615,1,398500,398500,0,43835,442335,296500,Wrong Item Sent,E-Wallet,Completed
28,RET000028,28230,74388,499,8157,20250310,2,792600,1585200,79260,165653,1671593,555200,Quality Issue,E-Wallet,Completed
29,RET000029,28230,74390,909,14887,20250310,2,1440500,2881000,0,316910,3197910,980300,Defective Product,Cash,Pending
30,RET000030,28230,74391,207,3395,20250310,3,664600,1993800,0,219318,2213118,524300,Expired Product,Bank Transfer,Completed
31,RET000031,45345,119481,920,15065,20220613,1,1339600,1339600,0,147356,1486956,1073300,Customer Changed Mind,E-Wallet,Completed
32,RET000032,45345,119484,554,9085,20220613,2,1310600,2621200,0,288332,2909532,895300,Defective Product,Bank Transfer,Completed
33,RET000033,14728,38790,232,3794,20240801,3,2541800,7625400,7500,837969,8455869,1819400,Damaged Product,Bank Transfer,Completed
34,RET000034,14728,38791,25,413,20240801,9,14900,134100,8181,13851,139770,11200,Damaged Product,E-Wallet,Completed
35,RET000035,15558,40963,867,14216,20250824,1,4013300,4013300,0,441463,4454763,2991600,Customer Changed Mind,E-Wallet,Completed
36,RET000036,42436,111775,918,15023,20230404,1,4722700,4722700,0,519497,5242197,3427800,Damaged Product,E-Wallet,Pending
37,RET000037,14360,37830,952,15585,20260228,2,168600,337200,16860,0,320340,138600,Customer Changed Mind,E-Wallet,Completed
38,RET000038,13838,36470,817,13416,20240401,1,2827700,2827700,0,311047,3138747,1926000,Wrong Item Sent,E-Wallet,Pending
39,RET000039,13838,36473,681,11164,20240401,1,4046300,4046300,0,445093,4491393,3033200,Quality Issue,Voucher,Completed
40,RET000040,36594,96436,678,11098,20240710,7,2447700,17133900,1713390,1696256,17116766,1747100,Quality Issue,Store Credit,Completed
41,RET000041,4140,11053,60,990,20230210,1,3399000,3399000,0,373890,3772890,2581400,Customer Changed Mind,Voucher,Completed
42,RET000042,47832,126028,94,1543,20241128,1,1277700,1277700,63885,133519,1347334,856400,Wrong Item Sent,E-Wallet,Completed
43,RET000043,47832,126029,244,3994,20241128,1,1017500,1017500,0,111925,1129425,786300,Damaged Product,Voucher,Completed
44,RET000044,34557,91180,807,13250,20260117,5,638300,3191500,93750,340752,3438502,447400,Damaged Product,E-Wallet,Completed
45,RET000045,19498,51446,965,15804,20220501,1,3263900,3263900,0,359029,3622929,2419000,Customer Changed Mind,Voucher,Completed
46,RET000046,19498,51447,765,12571,20220501,3,1478200,4434600,0,487806,4922406,1110600,Customer Changed Mind,Cash,Completed
47,RET000047,19498,51448,27,444,20220501,2,314700,629400,0,69234,698634,203600,Customer Changed Mind,E-Wallet,Completed
48,RET000048,12167,32097,972,15909,20220330,1,967800,967800,0,106458,1074258,757900,Expired Product,E-Wallet,Completed
49,RET000049,30472,80384,566,9292,20240710,4,1166100,4664400,0,513084,5177484,851300,Incorrect Size,Cash,Completed
50,RET000050,41234,108626,493,8068,20231001,2,3075600,6151200,0,676632,6827832,2206500,Duplicate Order,E-Wallet,Completed
51,RET000051,41234,108628,60,988,20231001,1,3399000,3399000,0,373890,3772890,2581400,Expired Product,E-Wallet,Completed
52,RET000052,11965,31580,190,3117,20230714,1,489800,489800,0,53878,543678,352500,Damaged Product,Bank Transfer,Completed
53,RET000053,11965,31581,12,190,20230714,3,575400,1726200,0,189882,1916082,428800,Quality Issue,E-Wallet,Completed
54,RET000054,29212,77037,170,2801,20250709,1,662500,662500,0,72875,735375,430500,Customer Changed Mind,Store Credit,Completed
55,RET000055,44764,117957,597,9778,20220313,2,353000,706000,0,77660,783660,233200,Customer Changed Mind,Cash,Completed
56,RET000056,16469,43409,813,13342,20230703,4,15300,61200,0,0,61200,13300,Expired Product,Voucher,Completed
57,RET000057,15540,40921,751,12324,20241121,1,1164600,1164600,100000,117106,1181706,910900,Expired Product,E-Wallet,Completed
58,RET000058,1028,2752,109,1782,20260714,2,1013600,2027200,25000,220242,2222442,816400,Incorrect Size,Store Credit,Completed
59,RET000059,38657,101810,70,1133,20220528,1,4063200,4063200,0,446952,4510152,3526800,Customer Changed Mind,E-Wallet,Completed
60,RET000060,38657,101811,659,10795,20220528,1,3611100,3611100,0,397221,4008321,2778500,Defective Product,Bank Transfer,Completed
61,RET000061,6336,16823,892,14626,20260227,3,1727000,5181000,0,569910,5750910,1269400,Defective Product,E-Wallet,Completed
62,RET000062,16386,43180,621,10176,20250304,1,90900,90900,0,0,90900,76800,Customer Changed Mind,E-Wallet,Completed
63,RET000063,16386,43181,291,4740,20250304,2,4544400,9088800,0,999768,10088568,3843400,Customer Changed Mind,Voucher,Completed
64,RET000064,45606,120195,403,6563,20220724,1,14359400,14359400,0,1579534,15938934,13148900,Defective Product,Bank Transfer,Completed
65,RET000065,13818,36428,849,13916,20231004,1,15684200,15684200,0,1725262,17409462,14314600,Incorrect Size,Store Credit,Completed
66,RET000066,13818,36429,975,15950,20231004,2,115300,230600,0,25366,255966,81600,Defective Product,Bank Transfer,Completed
67,RET000067,31921,84265,791,12996,20231130,1,1941700,1941700,0,213587,2155287,1263200,Damaged Product,Bank Transfer,Completed
68,RET000068,34333,90609,778,12786,20231208,3,1617100,4851300,0,533643,5384943,1060000,Customer Changed Mind,E-Wallet,Completed
69,RET000069,14904,39274,121,1975,20250612,1,159100,159100,0,17501,176601,118600,Customer Changed Mind,E-Wallet,Completed
70,RET000070,5906,15730,374,6075,20230328,2,2386500,4773000,0,525030,5298030,1736900,Late Delivery,Voucher,Completed
71,RET000071,5906,15731,818,13427,20230328,3,2418500,7255500,0,798105,8053605,1787900,Late Delivery,Voucher,Completed
72,RET000072,5906,15732,245,4004,20230328,1,6910000,6910000,0,760100,7670100,5695100,Quality Issue,E-Wallet,Completed
73,RET000073,5906,15733,422,6862,20230328,1,2175200,2175200,0,239272,2414472,1393200,Defective Product,Store Credit,Completed
74,RET000074,14437,38037,44,723,20230523,2,436100,872200,0,95942,968142,316600,Quality Issue,Voucher,Completed
75,RET000075,17179,45252,780,12827,20241004,1,87200,87200,0,0,87200,77100,Damaged Product,E-Wallet,Completed
76,RET000076,42848,112852,240,3909,20220619,2,57600,115200,0,12672,127872,44800,Defective Product,Store Credit,Completed
77,RET000077,2563,6885,162,2674,20240109,1,3558400,3558400,0,391424,3949824,2901600,Damaged Product,Cash,Completed
78,RET000078,16312,42994,39,633,20230112,2,20100,40200,0,4422,44622,15900,Defective Product,Bank Transfer,Completed
79,RET000079,46978,123839,558,9159,20240613,1,752000,752000,0,82720,834720,555600,Customer Changed Mind,E-Wallet,Completed
80,RET000080,46978,123841,238,3884,20240613,3,2058700,6176100,0,679371,6855471,1322900,Customer Changed Mind,Cash,Completed
81,RET000081,46978,123842,431,7015,20240613,1,16884200,16884200,844210,1764398,17804388,14124600,Defective Product,E-Wallet,Completed
82,RET000082,32786,86574,131,2140,20230111,1,2216700,2216700,0,243837,2460537,1594400,Incorrect Size,Bank Transfer,Completed
83,RET000083,37495,98764,975,15960,20221227,1,115300,115300,0,12683,127983,81600,Wrong Item Sent,E-Wallet,Completed
84,RET000084,37495,98765,440,7159,20221227,1,5113500,5113500,0,562485,5675985,3991100,Damaged Product,Store Credit,Completed
85,RET000085,35029,92346,461,7497,20221124,1,10183800,10183800,0,1120218,11304018,9060300,Incorrect Size,Cash,Pending
86,RET000086,17121,45113,770,12656,20220601,7,44000,308000,0,33880,341880,32300,Expired Product,Bank Transfer,Completed
87,RET000087,17121,45118,403,6556,20220601,1,14359400,14359400,0,1579534,15938934,13148900,Defective Product,Store Credit,Completed
88,RET000088,38361,101003,994,16258,20251210,1,480900,480900,24045,50254,507109,345500,Defective Product,E-Wallet,Completed
89,RET000089,33469,88359,767,12601,20231013,1,312900,312900,15645,32698,329953,234900,Customer Changed Mind,Bank Transfer,Completed
90,RET000090,33469,88360,635,10407,20231013,1,2673300,2673300,0,294063,2967363,2171100,Customer Changed Mind,Bank Transfer,Completed
91,RET000091,18133,47766,677,11088,20230610,1,1109800,1109800,55490,115974,1170284,924100,Customer Changed Mind,Bank Transfer,Completed
92,RET000092,44921,118358,82,1322,20220204,1,13293900,13293900,0,1462329,14756229,10804800,Customer Changed Mind,E-Wallet,Completed
93,RET000093,24726,65167,323,5249,20250101,1,6171100,6171100,0,678821,6849921,5349200,Defective Product,Bank Transfer,Completed
94,RET000094,24726,65169,770,12645,20250101,1,44000,44000,0,4840,48840,32300,Customer Changed Mind,Bank Transfer,Pending
95,RET000095,33736,89045,396,6434,20251113,3,257700,773100,10000,83941,847041,186500,Defective Product,E-Wallet,Completed
96,RET000096,20450,53942,881,14445,20250320,1,487600,487600,0,53636,541236,350500,Customer Changed Mind,Bank Transfer,Completed
97,RET000097,20450,53943,940,15384,20250320,1,1504400,1504400,0,165484,1669884,999100,Expired Product,E-Wallet,Completed
98,RET000098,42181,111086,346,5633,20220719,1,140700,140700,0,0,140700,107900,Late Delivery,E-Wallet,Pending
99,RET000099,152,417,154,2540,20250409,3,977100,2931300,0,322443,3253743,706900,Customer Changed Mind,E-Wallet,Completed
100,RET000100,152,419,663,10859,20250409,4,64400,257600,0,28336,285936,49800,Quality Issue,Voucher,Completed
101,RET000101,15534,40902,928,15199,20240916,2,771600,1543200,154320,152776,1541656,559800,Defective Product,Store Credit,Completed
102,RET000102,15534,40903,562,9221,20240916,1,1442400,1442400,0,158664,1601064,1068000,Damaged Product,E-Wallet,Completed
103,RET000103,12976,34157,894,14655,20220526,1,8457800,8457800,1268670,790804,7979934,7052800,Customer Changed Mind,E-Wallet,Completed
104,RET000104,9488,25064,406,6608,20220904,2,11900,23800,0,2618,26418,9900,Defective Product,Bank Transfer,Completed
105,RET000105,9488,25065,395,6420,20220904,1,118100,118100,0,12991,131091,96000,Late Delivery,E-Wallet,Completed
106,RET000106,9488,25068,780,12824,20220904,1,87200,87200,0,0,87200,77100,Late Delivery,Cash,Completed
107,RET000107,39057,102840,159,2621,20230518,11,68900,757900,0,83369,841269,47500,Damaged Product,E-Wallet,Completed
108,RET000108,39057,102841,895,14672,20230518,3,1236600,3709800,0,408078,4117878,877000,Damaged Product,Bank Transfer,Completed
109,RET000109,48267,127223,682,11170,20220430,1,6375400,6375400,318770,666229,6722859,4724000,Defective Product,Bank Transfer,Completed
110,RET000110,29845,78686,239,3890,20220702,2,488500,977000,0,107470,1084470,325700,Defective Product,E-Wallet,Completed
111,RET000111,25057,66060,212,3482,20250312,1,27700,27700,1385,2894,29209,20800,Late Delivery,Bank Transfer,Completed
112,RET000112,25057,66061,200,3291,20250312,1,5397600,5397600,0,593736,5991336,4667500,Damaged Product,E-Wallet,Pending
113,RET000113,16659,43882,816,13393,20240903,3,39200,117600,4285,12464,125779,32000,Quality Issue,E-Wallet,Completed
114,RET000114,16659,43884,230,3765,20240903,1,4159200,4159200,5000,456962,4611162,3276600,Defective Product,E-Wallet,Completed
115,RET000115,16659,43885,407,6620,20240903,8,34100,272800,10000,0,262800,29500,Damaged Product,Bank Transfer,Completed
116,RET000116,15345,40431,975,15951,20240810,2,115300,230600,11530,24097,243167,81600,Late Delivery,E-Wallet,Completed
117,RET000117,15345,40433,813,13343,20240810,4,15300,61200,0,0,61200,13300,Customer Changed Mind,Cash,Completed
118,RET000118,42006,110674,633,10377,20250103,4,834200,3336800,0,367048,3703848,548700,Defective Product,Cash,Completed
119,RET000119,5864,15627,779,12803,20231216,4,168100,672400,33620,70265,709045,118500,Damaged Product,E-Wallet,Completed
120,RET000120,33433,88267,206,3379,20230728,2,72100,144200,0,0,144200,61600,Defective Product,Store Credit,Completed
121,RET000121,33433,88268,611,9990,20230728,2,13200,26400,1320,2758,27838,11400,Customer Changed Mind,E-Wallet,Completed
122,RET000122,33433,88269,778,12780,20230728,1,1617100,1617100,0,177881,1794981,1060000,Damaged Product,Cash,Completed
123,RET000123,14169,37327,867,14219,20220420,2,4013300,8026600,401330,838779,8464049,2991600,Customer Changed Mind,Voucher,Completed
124,RET000124,37499,98774,623,10214,20221125,1,910100,910100,0,100111,1010211,656700,Customer Changed Mind,E-Wallet,Completed
125,RET000125,37499,98775,99,1621,20221125,1,434500,434500,0,47795,482295,318500,Damaged Product,Voucher,Completed
126,RET000126,28605,75404,294,4782,20231021,1,703100,703100,0,77341,780441,459700,Damaged Product,Voucher,Completed
127,RET000127,989,2650,961,15732,20221223,1,5066900,5066900,0,557359,5624259,4240400,Defective Product,E-Wallet,Completed
128,RET000128,43307,114119,217,3552,20220718,4,157700,630800,31540,0,599260,125900,Duplicate Order,Voucher,Completed
129,RET000129,20578,54276,9,149,20221213,1,487500,487500,0,53625,541125,313300,Duplicate Order,Voucher,Completed
130,RET000130,28250,74442,556,9120,20260207,2,38600,77200,0,8492,85692,33000,Damaged Product,Bank Transfer,Completed
131,RET000131,28250,74443,702,11503,20260207,1,195300,195300,0,21483,216783,137700,Customer Changed Mind,E-Wallet,Rejected
132,RET000132,28250,74444,428,6963,20260207,2,337500,675000,33750,70537,711787,246900,Expired Product,Bank Transfer,Completed
133,RET000133,34341,90626,450,7323,20260219,1,259900,259900,3333,28222,284789,171600,Customer Changed Mind,E-Wallet,Completed
134,RET000134,34341,90627,948,15522,20260219,2,3518400,7036800,6666,773314,7803448,2475500,Duplicate Order,Bank Transfer,Completed
135,RET000135,26268,69160,590,9667,20260106,2,283300,566600,56660,56093,566033,230100,Defective Product,E-Wallet,Completed
136,RET000136,6288,16697,284,4621,20260305,1,99400,99400,0,10934,110334,82600,Quality Issue,Cash,Completed
137,RET000137,14377,37877,229,3741,20230729,2,1054300,2108600,0,231946,2340546,728900,Wrong Item Sent,Bank Transfer,Pending
138,RET000138,14377,37878,574,9409,20230729,1,2268300,2268300,226830,224561,2266031,1899700,Defective Product,Bank Transfer,Completed
139,RET000139,27113,71480,608,9947,20260425,2,736700,1473400,0,162074,1635474,572900,Incorrect Size,E-Wallet,Completed
140,RET000140,38021,100116,355,5779,20221017,1,4135800,4135800,0,454938,4590738,3370000,Defective Product,Bank Transfer,Completed
141,RET000141,38021,100117,971,15895,20221017,1,122300,122300,0,13453,135753,85200,Late Delivery,Cash,Completed
142,RET000142,38021,100118,961,15734,20221017,1,5066900,5066900,760035,473755,4780620,4240400,Incorrect Size,E-Wallet,Completed
143,RET000143,16337,43052,407,6621,20220702,1,34100,34100,0,0,34100,29500,Customer Changed Mind,Store Credit,Completed
144,RET000144,46013,121271,110,1796,20240308,1,4085700,4085700,0,449427,4535127,3338000,Customer Changed Mind,Cash,Completed
145,RET000145,46013,121272,558,9156,20240308,1,752000,752000,0,82720,834720,555600,Damaged Product,Bank Transfer,Completed
146,RET000146,21345,56324,1,1,20240923,1,516800,516800,0,56848,573648,344100,Quality Issue,Store Credit,Completed
147,RET000147,32828,86672,967,15825,20240903,2,108500,217000,0,23870,240870,69800,Wrong Item Sent,E-Wallet,Completed
148,RET000148,17948,47242,851,13956,20231115,3,994800,2984400,0,328284,3312684,705100,Wrong Item Sent,Bank Transfer,Completed
149,RET000149,19996,52733,838,13742,20231210,4,1698600,6794400,0,747384,7541784,1128900,Customer Changed Mind,E-Wallet,Completed
150,RET000150,32281,85211,69,1125,20241009,4,532700,2130800,0,234388,2365188,383900,Customer Changed Mind,E-Wallet,Pending
151,RET000151,32281,85215,824,13522,20241009,3,441800,1325400,132540,131214,1324074,277100,Quality Issue,Cash,Completed
152,RET000152,15279,40251,71,1150,20230214,2,118300,236600,0,0,236600,88200,Customer Changed Mind,Store Credit,Completed
153,RET000153,33248,87770,312,5085,20230729,1,23087800,23087800,0,2539658,25627458,19709800,Wrong Item Sent,E-Wallet,Completed
154,RET000154,17134,45137,765,12566,20250706,4,1478200,5912800,0,650408,6563208,1110600,Expired Product,E-Wallet,Pending
155,RET000155,45581,120123,651,10668,20221214,2,48600,97200,0,0,97200,43400,Late Delivery,E-Wallet,Completed
156,RET000156,45581,120125,193,3178,20221214,2,209300,418600,20930,43743,441413,137700,Wrong Item Sent,Bank Transfer,Completed
157,RET000157,45557,120068,233,3800,20230719,1,281500,281500,0,30965,312465,228400,Customer Changed Mind,Bank Transfer,Completed
158,RET000158,45557,120069,708,11599,20230719,2,523900,1047800,0,115258,1163058,375900,Damaged Product,Bank Transfer,Completed
159,RET000159,4357,11624,892,14625,20250701,2,1727000,3454000,66666,372606,3759940,1269400,Wrong Item Sent,E-Wallet,Completed
160,RET000160,4357,11625,587,9613,20250701,1,2291900,2291900,100000,241109,2433009,1810600,Quality Issue,Bank Transfer,Completed
161,RET000161,25125,66237,190,3130,20220108,1,489800,489800,0,53878,543678,352500,Quality Issue,Store Credit,Completed
162,RET000162,31962,84391,621,10164,20250814,3,90900,272700,4999,0,267701,76800,Expired Product,E-Wallet,Completed
163,RET000163,48928,129002,601,9837,20240513,1,1696200,1696200,0,186582,1882782,1138200,Damaged Product,Cash,Completed
164,RET000164,48928,129004,325,5290,20240513,2,8211800,16423600,821180,1716266,17318686,6850900,Wrong Item Sent,Voucher,Completed
165,RET000165,11691,30829,606,9915,20220713,1,708400,708400,0,77924,786324,506000,Incorrect Size,Voucher,Completed
166,RET000166,27316,72034,805,13224,20240608,1,490900,490900,24545,51299,517654,369600,Late Delivery,E-Wallet,Completed
167,RET000167,43877,115593,910,14902,20260511,1,6896500,6896500,0,758615,7655115,6130800,Quality Issue,Store Credit,Pending
168,RET000168,41109,108278,230,3761,20230310,1,4159200,4159200,0,457512,4616712,3276600,Wrong Item Sent,Cash,Completed
169,RET000169,33140,87494,725,11888,20250319,1,1578900,1578900,0,173679,1752579,1198900,Wrong Item Sent,Voucher,Rejected
170,RET000170,33140,87496,395,6417,20250319,3,118100,354300,17715,37024,373609,96000,Customer Changed Mind,E-Wallet,Completed
171,RET000171,33140,87498,159,2624,20250319,4,68900,275600,0,30316,305916,47500,Duplicate Order,Store Credit,Completed
172,RET000172,33223,87709,24,387,20241116,3,762000,2286000,0,251460,2537460,550500,Duplicate Order,Store Credit,Completed
173,RET000173,33223,87712,150,2478,20241116,5,1877900,9389500,0,1032845,10422345,1430500,Expired Product,Store Credit,Completed
174,RET000174,33223,87713,95,1559,20241116,2,41500,83000,0,9130,92130,31600,Wrong Item Sent,Store Credit,Completed
175,RET000175,47882,126158,140,2307,20220118,1,398500,398500,0,43835,442335,296500,Wrong Item Sent,Voucher,Completed
176,RET000176,47882,126159,600,9822,20220118,2,163400,326800,0,0,326800,128000,Defective Product,E-Wallet,Completed
177,RET000177,7630,20202,877,14401,20240711,2,12100,24200,0,2662,26862,10100,Quality Issue,Store Credit,Completed
178,RET000178,7630,20203,735,12069,20240711,3,90700,272100,27210,26937,271827,70700,Customer Changed Mind,Bank Transfer,Completed
179,RET000179,37808,99583,395,6417,20250418,1,118100,118100,29999,9691,97792,96000,Damaged Product,Voucher,Completed
180,RET000180,37808,99585,930,15237,20250418,2,919100,1838200,75000,193952,1957152,668600,Damaged Product,E-Wallet,Completed
181,RET000181,32134,84823,322,5234,20250719,2,367500,735000,0,80850,815850,269700,Duplicate Order,Store Credit,Completed
182,RET000182,19247,50763,253,4141,20230710,1,199900,199900,0,21989,221889,129300,Quality Issue,E-Wallet,Completed
183,RET000183,12735,33532,796,13069,20230917,2,2502900,5005800,0,550638,5556438,1876400,Damaged Product,Bank Transfer,Completed
184,RET000184,12735,33533,132,2165,20230917,1,300800,300800,0,33088,333888,240300,Customer Changed Mind,E-Wallet,Completed
185,RET000185,29875,78766,495,8096,20220311,1,1086900,1086900,0,119559,1206459,777200,Damaged Product,E-Wallet,Completed
186,RET000186,29875,78768,200,3288,20220311,1,5397600,5397600,269880,564049,5691769,4667500,Defective Product,Store Credit,Completed
187,RET000187,2843,7597,252,4119,20220928,1,15592700,15592700,0,1715197,17307897,13298600,Defective Product,Cash,Completed
188,RET000188,2843,7598,732,12003,20220928,1,43200,43200,0,0,43200,37000,Customer Changed Mind,Bank Transfer,Completed
189,RET000189,2843,7599,305,4961,20220928,1,32100,32100,0,3531,35631,26700,Quality Issue,Store Credit,Rejected
190,RET000190,24233,63890,653,10710,20240921,1,45000,45000,0,0,45000,39100,Damaged Product,Store Credit,Completed
191,RET000191,37294,98241,857,14049,20260514,3,20700,62100,18630,4781,48251,16600,Customer Changed Mind,Bank Transfer,Completed
192,RET000192,37294,98244,778,12785,20260514,2,1617100,3234200,75000,347512,3506712,1060000,Defective Product,Bank Transfer,Completed
193,RET000193,37294,98245,284,4618,20260514,1,99400,99400,18750,8871,89521,82600,Defective Product,Store Credit,Completed
194,RET000194,3186,8532,247,4039,20220125,1,11759800,11759800,0,1293578,13053378,9952600,Defective Product,E-Wallet,Completed
195,RET000195,43476,114541,916,14998,20241118,5,49700,248500,0,27335,275835,42900,Wrong Item Sent,E-Wallet,Completed
196,RET000196,43476,114542,203,3341,20241118,1,531200,531200,0,58432,589632,387900,Late Delivery,Bank Transfer,Rejected
197,RET000197,43476,114544,408,6641,20241118,5,1024300,5121500,256075,535196,5400621,698300,Customer Changed Mind,E-Wallet,Pending
198,RET000198,42967,113165,136,2233,20220925,3,1336700,4010100,0,441111,4451211,1052200,Customer Changed Mind,E-Wallet,Completed
199,RET000199,28577,75332,491,8018,20241211,2,656500,1313000,100000,133430,1346430,503200,Defective Product,Store Credit,Completed
200,RET000200,28577,75333,182,3003,20241211,1,365800,365800,50000,34738,350538,258800,Defective Product,Bank Transfer,Completed
201,RET000201,28577,75334,637,10437,20241211,2,5090600,10181200,100000,1108932,11190132,4325100,Defective Product,Voucher,Completed
202,RET000202,49313,130027,845,13854,20240214,1,7847500,7847500,0,863225,8710725,6783500,Incorrect Size,E-Wallet,Completed
203,RET000203,39326,103581,750,12319,20250503,1,1086800,1086800,0,119548,1206348,703000,Defective Product,E-Wallet,Completed
204,RET000204,11848,31268,111,1806,20241113,1,1663800,1663800,0,183018,1846818,1041600,Expired Product,E-Wallet,Completed
205,RET000205,2656,7133,747,12270,20230826,1,665400,665400,0,73194,738594,422300,Defective Product,E-Wallet,Pending
206,RET000206,26918,70931,650,10648,20260602,1,574800,574800,0,63228,638028,421200,Incorrect Size,Store Credit,Completed
207,RET000207,26918,70932,540,8825,20260602,1,1572800,1572800,0,173008,1745808,1016300,Quality Issue,E-Wallet,Pending
208,RET000208,11558,30510,644,10565,20230407,2,180100,360200,0,39622,399822,145900,Customer Changed Mind,E-Wallet,Completed
209,RET000209,36878,97146,646,10589,20260520,2,407300,814600,25000,86856,876456,313900,Late Delivery,Voucher,Completed
210,RET000210,35630,93948,457,7431,20240914,4,31200,124800,6240,0,118560,26000,Defective Product,E-Wallet,Completed
211,RET000211,42439,111783,390,6327,20230604,3,1228100,3684300,0,405273,4089573,941300,Defective Product,E-Wallet,Completed
212,RET000212,49277,129945,302,4897,20250602,1,6833800,6833800,0,751718,7585518,5230100,Late Delivery,E-Wallet,Completed
213,RET000213,46057,121395,350,5696,20230615,1,1722200,1722200,0,189442,1911642,1168300,Damaged Product,Voucher,Completed
214,RET000214,48567,128031,816,13387,20240427,6,39200,235200,0,25872,261072,32000,Damaged Product,E-Wallet,Completed
215,RET000215,30004,79128,416,6768,20250818,1,15645200,15645200,0,1720972,17366172,13503000,Customer Changed Mind,Bank Transfer,Completed
216,RET000216,46814,123371,510,8347,20250310,1,333600,333600,33360,33026,333266,239700,Damaged Product,Cash,Completed
217,RET000217,46814,123373,985,16125,20250310,2,994100,1988200,0,218702,2206902,700400,Wrong Item Sent,Voucher,Completed
218,RET000218,46814,123374,634,10398,20250310,2,3237000,6474000,0,712140,7186140,2525700,Expired Product,E-Wallet,Pending
219,RET000219,46814,123375,813,13356,20250310,6,15300,91800,4590,0,87210,13300,Damaged Product,Voucher,Completed
220,RET000220,46814,123377,533,8722,20250310,1,3630700,3630700,0,399377,4030077,2733100,Customer Changed Mind,E-Wallet,Rejected
221,RET000221,23324,61540,491,8015,20220227,1,656500,656500,32825,68604,692279,503200,Damaged Product,Bank Transfer,Completed
222,RET000222,5460,14541,560,9188,20250301,1,2389600,2389600,100000,251856,2541456,1952800,Incorrect Size,E-Wallet,Completed
223,RET000223,11411,30120,229,3746,20231018,1,1054300,1054300,0,115973,1170273,728900,Damaged Product,E-Wallet,Completed
224,RET000224,11411,30121,4,63,20231018,2,1498600,2997200,0,329692,3326892,1042500,Quality Issue,Bank Transfer,Completed
225,RET000225,28855,76060,780,12824,20250420,1,87200,87200,8720,0,78480,77100,Duplicate Order,Bank Transfer,Pending
226,RET000226,12138,32029,335,5443,20240610,1,207100,207100,0,22781,229881,152800,Defective Product,Voucher,Completed
227,RET000227,27104,71452,122,1998,20230812,1,456800,456800,0,50248,507048,321200,Incorrect Size,Bank Transfer,Completed
228,RET000228,46165,121648,792,13002,20240207,4,206900,827600,0,91036,918636,159200,Defective Product,Bank Transfer,Completed
229,RET000229,6180,16420,517,8462,20240119,2,1917500,3835000,0,421850,4256850,1375500,Customer Changed Mind,E-Wallet,Completed
230,RET000230,38713,101960,258,4220,20240831,1,5615900,5615900,0,617749,6233649,4600000,Wrong Item Sent,Bank Transfer,Completed
231,RET000231,38018,100106,180,2977,20230517,1,17385700,17385700,869285,1816805,18333220,14948200,Quality Issue,Cash,Completed
232,RET000232,38018,100108,70,1144,20230517,1,4063200,4063200,0,446952,4510152,3526800,Customer Changed Mind,Store Credit,Completed
233,RET000233,1970,5319,940,15387,20250220,1,1504400,1504400,150440,148935,1502895,999100,Expired Product,E-Wallet,Pending
234,RET000234,1970,5320,595,9741,20250220,6,38300,229800,0,25278,255078,32000,Damaged Product,Cash,Completed
235,RET000235,38052,100186,556,9112,20260122,8,38600,308800,0,33968,342768,33000,Defective Product,Store Credit,Completed
236,RET000236,38052,100187,585,9587,20260122,1,2506800,2506800,250680,248173,2504293,2142200,Customer Changed Mind,Store Credit,Completed
237,RET000237,18245,48073,140,2304,20260307,1,398500,398500,0,43835,442335,296500,Wrong Item Sent,Bank Transfer,Completed
238,RET000238,18245,48074,700,11460,20260307,4,13000,52000,2600,0,49400,11100,Damaged Product,E-Wallet,Completed
239,RET000239,19891,52467,949,15542,20220624,4,1673800,6695200,0,736472,7431672,1071800,Customer Changed Mind,Store Credit,Completed
240,RET000240,19891,52468,345,5623,20220624,1,86500,86500,0,0,86500,65000,Customer Changed Mind,E-Wallet,Completed
241,RET000241,5980,15918,882,14463,20230419,1,278700,278700,13935,29124,293889,191100,Defective Product,Cash,Completed
242,RET000242,11083,29266,308,5004,20240424,1,590900,590900,0,64999,655899,387300,Defective Product,Cash,Completed
243,RET000243,49878,131492,298,4849,20241001,2,115500,231000,6666,24676,249010,94700,Incorrect Size,E-Wallet,Completed
244,RET000244,7340,19447,462,7511,20250823,1,4891100,4891100,10000,536921,5418021,4027700,Damaged Product,E-Wallet,Completed
245,RET000245,2183,5905,269,4372,20230331,1,8902100,8902100,0,979231,9881331,7020000,Damaged Product,E-Wallet,Completed
246,RET000246,12919,34019,194,3199,20260627,1,6300,6300,0,693,6993,5200,Wrong Item Sent,E-Wallet,Completed
247,RET000247,45735,120535,418,6795,20250223,1,21545300,21545300,2154530,2132984,21523754,18507900,Expired Product,Cash,Completed
248,RET000248,45735,120538,878,14410,20250223,1,3748900,3748900,0,412379,4161279,3456600,Customer Changed Mind,Bank Transfer,Completed
249,RET000249,3099,8320,157,2586,20220225,2,3852300,7704600,0,847506,8552106,3250700,Customer Changed Mind,Voucher,Completed
250,RET000250,31239,82414,675,11052,20260517,2,76200,152400,0,0,152400,65400,Damaged Product,Store Credit,Completed
251,RET000251,31239,82415,621,10174,20260517,1,90900,90900,0,0,90900,76800,Expired Product,Cash,Completed
252,RET000252,31239,82416,58,946,20260517,1,5425100,5425100,0,596761,6021861,4425800,Late Delivery,E-Wallet,Completed
253,RET000253,31239,82417,742,12187,20260517,3,3445000,10335000,0,1136850,11471850,2754800,Incorrect Size,E-Wallet,Completed
254,RET000254,21706,57258,860,14106,20250916,2,235800,471600,0,0,471600,195500,Customer Changed Mind,Voucher,Completed
255,RET000255,29756,78446,450,7313,20231017,2,259900,519800,0,57178,576978,171600,Quality Issue,Store Credit,Completed
256,RET000256,29756,78449,672,10999,20231017,2,724900,1449800,0,159478,1609278,513800,Defective Product,Voucher,Completed
257,RET000257,46550,122718,883,14480,20230812,1,4216900,4216900,0,463859,4680759,3218700,Incorrect Size,Voucher,Completed
258,RET000258,891,2414,95,1556,20250829,1,41500,41500,0,4565,46065,31600,Damaged Product,E-Wallet,Completed
259,RET000259,26006,68502,414,6726,20231224,4,19000,76000,0,8360,84360,16000,Customer Changed Mind,Store Credit,Completed
260,RET000260,26006,68503,47,766,20231224,1,46000,46000,0,5060,51060,39400,Quality Issue,E-Wallet,Completed
261,RET000261,26146,68850,450,7323,20240325,1,259900,259900,12995,27159,274064,171600,Expired Product,Bank Transfer,Completed
262,RET000262,41767,110028,557,9132,20250813,1,6912900,6912900,5000,759869,7667769,5717100,Customer Changed Mind,Store Credit,Completed
263,RET000263,41767,110029,326,5302,20250813,1,2672600,2672600,10000,292886,2955486,1992600,Damaged Product,Store Credit,Completed
264,RET000264,48457,127717,369,5992,20230221,3,588400,1765200,88260,184463,1861403,442600,Duplicate Order,E-Wallet,Pending
265,RET000265,40376,106332,594,9728,20230919,1,2432200,2432200,0,267542,2699742,1939100,Quality Issue,Bank Transfer,Completed
266,RET000266,40376,106335,909,14890,20230919,3,1440500,4321500,0,475365,4796865,980300,Customer Changed Mind,Store Credit,Completed
267,RET000267,23825,62804,140,2309,20220519,5,398500,1992500,0,219175,2211675,296500,Customer Changed Mind,Bank Transfer,Completed
268,RET000268,42025,110718,756,12402,20240216,1,12000,12000,0,0,12000,10400,Damaged Product,E-Wallet,Completed
269,RET000269,17112,45094,84,1361,20230427,1,3637800,3637800,0,400158,4037958,2729200,Damaged Product,E-Wallet,Completed
270,RET000270,49936,131642,641,10515,20260428,1,293100,293100,29310,29016,292806,224300,Customer Changed Mind,E-Wallet,Completed
271,RET000271,30990,81739,192,3166,20240603,1,412700,412700,0,45397,458097,281600,Expired Product,Bank Transfer,Completed
272,RET000272,8211,21699,977,15990,20221221,1,2723800,2723800,0,299618,3023418,2014700,Wrong Item Sent,E-Wallet,Completed
273,RET000273,8211,21703,867,14228,20221221,2,4013300,8026600,0,882926,8909526,2991600,Late Delivery,Bank Transfer,Completed
274,RET000274,31674,83628,326,5309,20220215,7,2672600,18708200,0,2057902,20766102,1992600,Damaged Product,E-Wallet,Completed
275,RET000275,7010,18604,819,13437,20231209,1,2901100,2901100,0,319121,3220221,2399800,Late Delivery,Cash,Completed
276,RET000276,7010,18605,239,3887,20231209,2,488500,977000,0,107470,1084470,325700,Duplicate Order,Voucher,Completed
277,RET000277,41940,110496,388,6303,20240816,2,13306500,26613000,0,2927430,29540430,10861800,Damaged Product,Cash,Completed
278,RET000278,30826,81284,378,6144,20240730,2,2982900,5965800,0,656238,6622038,2567100,Expired Product,Bank Transfer,Completed
279,RET000279,14330,37761,927,15182,20240805,1,9451900,9451900,0,1039709,10491609,7273200,Duplicate Order,Cash,Pending
280,RET000280,14330,37762,729,11958,20240805,1,76500,76500,0,8415,84915,60600,Defective Product,Bank Transfer,Completed
281,RET000281,14330,37763,444,7225,20240805,1,3636900,3636900,0,400059,4036959,2615500,Customer Changed Mind,E-Wallet,Completed
282,RET000282,38494,101345,35,575,20240427,2,4647000,9294000,929400,920106,9284706,3606900,Duplicate Order,Voucher,Completed
283,RET000283,38494,101346,695,11381,20240427,2,85100,170200,0,0,170200,69400,Customer Changed Mind,Bank Transfer,Completed
284,RET000284,22828,60219,639,10478,20251118,4,97200,388800,66666,35434,357568,71200,Expired Product,E-Wallet,Completed
285,RET000285,45925,121034,834,13673,20250327,4,99200,396800,0,0,396800,88000,Customer Changed Mind,E-Wallet,Completed
286,RET000286,45925,121036,640,10484,20250327,3,245900,737700,0,81147,818847,196400,Damaged Product,Cash,Completed
287,RET000287,22647,59720,445,7241,20230830,7,22800,159600,0,0,159600,19700,Damaged Product,Cash,Completed
288,RET000288,7114,18866,864,14175,20240327,2,95000,190000,9500,0,180500,83800,Damaged Product,Store Credit,Completed
289,RET000289,47318,124743,772,12681,20241012,1,939900,939900,0,103389,1043289,621800,Late Delivery,Bank Transfer,Completed
290,RET000290,48645,128241,125,2050,20220321,2,22100,44200,0,4862,49062,15300,Customer Changed Mind,Voucher,Completed
291,RET000291,48645,128242,871,14295,20220321,3,528900,1586700,0,174537,1761237,386800,Customer Changed Mind,Voucher,Completed
292,RET000292,39013,102720,481,7841,20230304,2,729200,1458400,0,160424,1618824,507500,Customer Changed Mind,Store Credit,Completed
293,RET000293,12640,33295,346,5638,20231222,3,140700,422100,21105,0,400995,107900,Wrong Item Sent,Store Credit,Completed
294,RET000294,12640,33301,353,5746,20231222,1,6984300,6984300,349215,729859,7364944,5986000,Incorrect Size,E-Wallet,Pending
295,RET000295,34296,90499,395,6408,20231007,1,118100,118100,5905,12341,124536,96000,Expired Product,Cash,Completed
296,RET000296,30863,81388,759,12457,20250718,1,93800,93800,0,10318,104118,73700,Quality Issue,Cash,Completed
297,RET000297,30863,81389,209,3427,20250718,2,1413100,2826200,10000,309782,3125982,1184700,Damaged Product,E-Wallet,Completed
298,RET000298,32112,84770,135,2212,20230907,1,75700,75700,0,8327,84027,54400,Defective Product,Cash,Completed
299,RET000299,34052,89874,406,6599,20240210,10,11900,119000,5950,12435,125485,9900,Damaged Product,E-Wallet,Completed
300,RET000300,37666,99221,627,10274,20240121,4,44100,176400,0,0,176400,39900,Incorrect Size,E-Wallet,Completed
301,RET000301,46655,122983,63,1036,20240503,1,535800,535800,0,58938,594738,382800,Quality Issue,Cash,Completed
302,RET000302,7983,21105,766,12578,20240130,1,3919100,3919100,0,431101,4350201,2933900,Customer Changed Mind,Store Credit,Completed
303,RET000303,36199,95408,286,4647,20240226,2,467000,934000,46700,97603,984903,342100,Customer Changed Mind,Bank Transfer,Completed
304,RET000304,36199,95409,18,288,20240226,1,3174500,3174500,0,349195,3523695,2366600,Quality Issue,Cash,Completed
305,RET000305,25117,66207,890,14602,20220201,2,176700,353400,0,38874,392274,138300,Incorrect Size,E-Wallet,Completed
306,RET000306,25117,66208,501,8196,20220201,7,92500,647500,0,0,647500,79500,Wrong Item Sent,E-Wallet,Completed
307,RET000307,3549,9515,176,2903,20221017,1,254800,254800,0,28028,282828,187700,Customer Changed Mind,E-Wallet,Pending
308,RET000308,12444,32796,899,14740,20250125,4,20500,82000,0,9020,91020,14500,Quality Issue,Voucher,Rejected
309,RET000309,18013,47411,25,410,20230124,1,14900,14900,0,1639,16539,11200,Defective Product,E-Wallet,Completed
310,RET000310,21735,57338,634,10398,20250519,1,3237000,3237000,161850,338266,3413416,2525700,Quality Issue,Bank Transfer,Completed
311,RET000311,17105,45076,650,10651,20250629,1,574800,574800,75000,54978,554778,421200,Defective Product,E-Wallet,Completed
312,RET000312,18717,49328,155,2566,20220220,3,47400,142200,0,15642,157842,31700,Damaged Product,E-Wallet,Completed
313,RET000313,18717,49329,484,7899,20220220,1,406600,406600,0,44726,451326,324100,Customer Changed Mind,E-Wallet,Completed
314,RET000314,39099,102958,46,747,20240816,2,328100,656200,0,72182,728382,246000,Customer Changed Mind,Cash,Completed
315,RET000315,5492,14627,844,13840,20220516,4,304200,1216800,0,133848,1350648,198400,Incorrect Size,Bank Transfer,Completed
316,RET000316,5492,14628,792,13005,20220516,1,206900,206900,0,22759,229659,159200,Damaged Product,Bank Transfer,Completed
317,RET000317,5492,14631,232,3784,20220516,4,2541800,10167200,0,1118392,11285592,1819400,Defective Product,Store Credit,Completed
318,RET000318,33894,89456,338,5490,20260323,3,144900,434700,0,0,434700,118200,Defective Product,Bank Transfer,Completed
319,RET000319,13140,34589,101,1650,20221116,1,39400,39400,0,4334,43734,29000,Quality Issue,Cash,Completed
320,RET000320,20276,53458,332,5409,20250910,2,632700,1265400,5000,138644,1399044,455600,Wrong Item Sent,Cash,Completed
321,RET000321,13914,36676,603,9870,20250128,2,9254800,18509600,0,2036056,20545656,7829200,Incorrect Size,Voucher,Completed
322,RET000322,31124,82109,787,12924,20251120,1,157300,157300,0,17303,174603,106300,Customer Changed Mind,Store Credit,Completed
323,RET000323,19318,50953,426,6920,20260118,2,2855000,5710000,0,628100,6338100,2121800,Defective Product,Store Credit,Completed
324,RET000324,35958,94785,660,10812,20230629,3,131300,393900,0,43329,437229,95700,Damaged Product,E-Wallet,Completed
325,RET000325,8769,23177,947,15509,20230226,1,6027500,6027500,0,663025,6690525,4736400,Incorrect Size,Store Credit,Completed
326,RET000326,8769,23178,175,2894,20230226,1,7151000,7151000,0,786610,7937610,6047600,Wrong Item Sent,E-Wallet,Completed
327,RET000327,4816,12803,98,1599,20260125,1,531300,531300,0,58443,589743,431400,Damaged Product,Bank Transfer,Completed
328,RET000328,4816,12805,909,14884,20260125,2,1440500,2881000,144050,301064,3038014,980300,Defective Product,Store Credit,Completed
329,RET000329,45244,119194,857,14059,20251122,3,20700,62100,0,6831,68931,16600,Customer Changed Mind,E-Wallet,Completed
330,RET000330,46853,123474,332,5414,20220121,1,632700,632700,0,69597,702297,455600,Duplicate Order,Store Credit,Completed
331,RET000331,49458,130361,846,13879,20251216,1,336600,336600,0,37026,373626,267800,Quality Issue,E-Wallet,Completed
332,RET000332,23306,61491,594,9726,20240307,1,2432200,2432200,0,267542,2699742,1939100,Incorrect Size,Bank Transfer,Completed
333,RET000333,31128,82125,262,4281,20230301,1,29500,29500,0,3245,32745,23900,Customer Changed Mind,Bank Transfer,Completed
334,RET000334,31128,82126,926,15167,20230301,2,11559300,23118600,0,2543046,25661646,9183000,Defective Product,E-Wallet,Completed
335,RET000335,31128,82127,564,9261,20230301,3,207500,622500,0,68475,690975,147700,Wrong Item Sent,E-Wallet,Completed
336,RET000336,31128,82129,715,11737,20230301,2,63600,127200,0,13992,141192,50300,Customer Changed Mind,E-Wallet,Completed
337,RET000337,14720,38767,311,5067,20230810,1,1355300,1355300,0,149083,1504383,903200,Wrong Item Sent,Store Credit,Completed
338,RET000338,35231,92912,520,8501,20250220,1,427700,427700,0,47047,474747,349800,Quality Issue,Cash,Completed
339,RET000339,8200,21674,568,9326,20240101,1,12400,12400,0,1364,13764,10300,Quality Issue,Bank Transfer,Completed
340,RET000340,38550,101517,321,5222,20241121,1,1652800,1652800,150000,165308,1668108,1316600,Damaged Product,Store Credit,Completed
341,RET000341,12347,32548,698,11430,20260701,1,1664300,1664300,0,183073,1847373,1304500,Damaged Product,Store Credit,Completed
342,RET000342,40718,107216,464,7555,20250730,2,4947000,9894000,100000,1077340,10871340,4210200,Customer Changed Mind,E-Wallet,Pending
343,RET000343,41252,108674,118,1923,20250523,4,1463400,5853600,0,643896,6497496,1101800,Damaged Product,Bank Transfer,Completed
344,RET000344,17506,46128,979,16028,20240504,1,9816000,9816000,0,1079760,10895760,8346900,Defective Product,E-Wallet,Completed
345,RET000345,20413,53844,689,11279,20260305,3,668600,2005800,150000,204138,2059938,501600,Expired Product,Bank Transfer,Completed
346,RET000346,20413,53845,692,11329,20260305,1,156700,156700,0,17237,173937,111100,Quality Issue,E-Wallet,Completed
347,RET000347,39917,105112,514,8400,20250112,1,1281100,1281100,25000,138171,1394271,886100,Duplicate Order,Cash,Completed
348,RET000348,49535,130551,827,13571,20240306,1,72700,72700,3635,0,69065,64400,Damaged Product,Store Credit,Completed
349,RET000349,49535,130553,463,7531,20240306,1,6647400,6647400,0,731214,7378614,5604000,Defective Product,E-Wallet,Completed
350,RET000350,49535,130555,746,12247,20240306,2,4128400,8256800,412840,862835,8706795,3234900,Quality Issue,Cash,Completed
351,RET000351,10513,27816,870,14280,20250809,4,51400,205600,8000,21736,219336,36400,Damaged Product,Cash,Completed
352,RET000352,16346,43071,607,9921,20220429,4,10100,40400,0,4444,44844,8700,Quality Issue,Store Credit,Completed
353,RET000353,16346,43072,339,5502,20220429,1,17895600,17895600,0,1968516,19864116,15827700,Damaged Product,Store Credit,Completed
354,RET000354,40601,106912,276,4488,20230617,1,1282800,1282800,0,141108,1423908,806900,Duplicate Order,E-Wallet,Completed
355,RET000355,39444,103885,305,4966,20241208,9,32100,288900,0,31779,320679,26700,Damaged Product,Cash,Rejected
356,RET000356,43986,115882,67,1094,20221228,4,920600,3682400,552360,344304,3474344,603900,Damaged Product,E-Wallet,Completed
357,RET000357,15009,39535,273,4445,20260409,1,1683500,1683500,0,185185,1868685,1320900,Damaged Product,Voucher,Completed
358,RET000358,3115,8359,227,3720,20241109,1,92100,92100,0,0,92100,79200,Wrong Item Sent,Bank Transfer,Pending
359,RET000359,16854,44449,829,13614,20221209,3,192900,578700,0,0,578700,144800,Defective Product,Cash,Completed
360,RET000360,16854,44451,771,12674,20221209,1,633300,633300,0,69663,702963,486400,Customer Changed Mind,E-Wallet,Completed
361,RET000361,36239,95512,463,7529,20240705,1,6647400,6647400,0,731214,7378614,5604000,Customer Changed Mind,Cash,Completed
362,RET000362,36239,95513,249,4070,20240705,1,3713100,3713100,0,408441,4121541,2997500,Damaged Product,E-Wallet,Completed
363,RET000363,15500,40823,135,2219,20220828,7,75700,529900,0,58289,588189,54400,Wrong Item Sent,Store Credit,Completed
364,RET000364,15500,40825,548,8973,20220828,3,1027800,3083400,0,339174,3422574,662600,Expired Product,Store Credit,Completed
365,RET000365,24861,65503,596,9764,20241103,2,147700,295400,29540,29244,295104,113200,Customer Changed Mind,E-Wallet,Completed
366,RET000366,2758,7382,409,6648,20250128,1,8394900,8394900,0,923439,9318339,7379000,Damaged Product,E-Wallet,Completed
367,RET000367,26581,70037,924,15129,20240507,5,148500,742500,0,81675,824175,104100,Damaged Product,E-Wallet,Completed
368,RET000368,46897,123589,968,15848,20241002,1,8850300,8850300,10000,972433,9812733,6913300,Defective Product,Bank Transfer,Completed
369,RET000369,46897,123590,998,16320,20241002,1,1803700,1803700,10000,197307,1991007,1548400,Quality Issue,E-Wallet,Completed
370,RET000370,14930,39344,446,7256,20250228,4,55900,223600,66666,0,156934,48200,Damaged Product,Cash,Completed
371,RET000371,14930,39345,666,10918,20250228,2,842200,1684400,66666,177950,1795684,526900,Customer Changed Mind,Cash,Completed
372,RET000372,14930,39346,622,10191,20250228,1,468400,468400,33333,47857,482924,332400,Damaged Product,E-Wallet,Completed
373,RET000373,33665,88858,887,14531,20220112,2,2864100,5728200,0,630102,6358302,2271500,Customer Changed Mind,Bank Transfer,Completed
374,RET000374,33665,88860,486,7914,20220112,1,1176800,1176800,0,129448,1306248,853200,Incorrect Size,E-Wallet,Completed
375,RET000375,13486,35506,180,2970,20240607,1,17385700,17385700,0,1912427,19298127,14948200,Quality Issue,Cash,Completed
376,RET000376,21178,55887,48,785,20220213,1,1138200,1138200,0,125202,1263402,933600,Quality Issue,Voucher,Completed
377,RET000377,8871,23437,190,3120,20250708,1,489800,489800,2500,53603,540903,352500,Damaged Product,Bank Transfer,Completed
378,RET000378,8871,23439,917,15001,20250708,1,118900,118900,0,13079,131979,91500,Customer Changed Mind,E-Wallet,Completed
379,RET000379,36407,95936,68,1111,20220530,2,7864600,15729200,0,1730212,17459412,6828800,Incorrect Size,Store Credit,Completed
380,RET000380,28911,76198,685,11210,20240504,1,278100,278100,13905,29061,293256,225400,Wrong Item Sent,Voucher,Completed
381,RET000381,43162,113720,379,6151,20240519,1,56200,56200,0,6182,62382,44200,Customer Changed Mind,Bank Transfer,Completed
382,RET000382,46995,123890,473,7710,20250312,1,7127200,7127200,100000,772992,7800192,5968100,Customer Changed Mind,E-Wallet,Completed
383,RET000383,49859,131440,554,9071,20251008,1,1310600,1310600,0,144166,1454766,895300,Incorrect Size,Cash,Completed
384,RET000384,418,1121,184,3034,20251028,1,23474400,23474400,0,2582184,26056584,19989200,Incorrect Size,Store Credit,Pending
385,RET000385,418,1122,747,12264,20251028,3,665400,1996200,0,219582,2215782,422300,Expired Product,Bank Transfer,Completed
386,RET000386,15426,40619,437,7101,20230525,1,71800,71800,3590,0,68210,60200,Incorrect Size,Voucher,Completed
387,RET000387,40427,106466,82,1332,20250208,1,13293900,13293900,0,1462329,14756229,10804800,Damaged Product,Bank Transfer,Completed
388,RET000388,4611,12266,16,266,20220827,1,1849200,1849200,0,203412,2052612,1708900,Customer Changed Mind,Cash,Completed
389,RET000389,4611,12267,589,9656,20220827,2,135500,271000,0,29810,300810,94100,Defective Product,Store Credit,Completed
390,RET000390,34556,91178,11,176,20260227,1,9538600,9538600,0,1049246,10587846,8016000,Defective Product,E-Wallet,Completed
391,RET000391,5505,14662,480,7830,20220719,1,10143100,10143100,0,1115741,11258841,8093600,Wrong Item Sent,E-Wallet,Completed
392,RET000392,47164,124310,419,6812,20240227,1,3255300,3255300,0,358083,3613383,2617300,Wrong Item Sent,E-Wallet,Completed
393,RET000393,47164,124311,689,11286,20240227,2,668600,1337200,0,147092,1484292,501600,Damaged Product,Cash,Completed
394,RET000394,27256,71871,550,9008,20260201,1,2385900,2385900,0,262449,2648349,1816700,Customer Changed Mind,E-Wallet,Completed
395,RET000395,9668,25537,200,3294,20260326,1,5397600,5397600,0,593736,5991336,4667500,Customer Changed Mind,Bank Transfer,Completed
396,RET000396,36689,96660,100,1635,20220220,5,562000,2810000,0,309100,3119100,396900,Duplicate Order,E-Wallet,Completed
397,RET000397,30819,81256,783,12861,20240303,1,337600,337600,0,37136,374736,262000,Defective Product,E-Wallet,Completed
398,RET000398,30819,81257,108,1754,20240303,1,509100,509100,0,56001,565101,371300,Customer Changed Mind,Cash,Pending
399,RET000399,23390,61710,967,15839,20250815,3,108500,325500,10000,34705,350205,69800,Defective Product,Store Credit,Completed
400,RET000400,29429,77599,35,567,20221106,3,4647000,13941000,0,1533510,15474510,3606900,Quality Issue,E-Wallet,Completed
401,RET000401,26658,70242,146,2414,20220715,1,41700,41700,0,4587,46287,35700,Customer Changed Mind,Bank Transfer,Completed
402,RET000402,26658,70243,891,14614,20220715,2,661800,1323600,0,145596,1469196,492500,Defective Product,E-Wallet,Completed
403,RET000403,37008,97503,486,7922,20250310,2,1176800,2353600,0,258896,2612496,853200,Customer Changed Mind,Bank Transfer,Completed
404,RET000404,37008,97505,307,4992,20250310,4,2255800,9023200,451160,942924,9514964,1492500,Expired Product,E-Wallet,Completed
405,RET000405,22847,60269,27,446,20240503,5,314700,1573500,0,173085,1746585,203600,Quality Issue,Bank Transfer,Completed
406,RET000406,17199,45290,672,11006,20240106,2,724900,1449800,0,159478,1609278,513800,Defective Product,Bank Transfer,Completed
407,RET000407,35247,92950,755,12400,20240803,1,13689500,13689500,0,1505845,15195345,11882400,Quality Issue,E-Wallet,Completed
408,RET000408,20298,53522,962,15742,20260313,1,143000,143000,7150,14943,150793,107600,Customer Changed Mind,Voucher,Completed
409,RET000409,27942,73647,661,10828,20220415,1,2797900,2797900,279790,276992,2795102,2254500,Duplicate Order,Store Credit,Completed
410,RET000410,26664,70259,560,9182,20241128,1,2389600,2389600,150000,246356,2485956,1952800,Quality Issue,Bank Transfer,Completed
411,RET000411,22874,60338,377,6130,20230428,1,2430100,2430100,243010,240579,2427669,1686400,Customer Changed Mind,E-Wallet,Pending
412,RET000412,21058,55546,13,208,20230909,3,15600,46800,0,0,46800,11700,Wrong Item Sent,Cash,Completed
413,RET000413,21058,55549,502,8204,20230909,2,9824900,19649800,982490,2053404,20720714,8440400,Customer Changed Mind,Bank Transfer,Completed
414,RET000414,21058,55552,872,14309,20230909,4,1176700,4706800,0,517748,5224548,853600,Wrong Item Sent,E-Wallet,Completed
415,RET000415,21391,56441,831,13635,20250608,4,1728700,6914800,345740,722596,7291656,1165200,Incorrect Size,Bank Transfer,Completed
416,RET000416,10617,28101,932,15255,20220129,4,500400,2001600,0,220176,2221776,364600,Wrong Item Sent,E-Wallet,Completed
417,RET000417,32534,85872,827,13567,20230603,2,72700,145400,7270,0,138130,64400,Late Delivery,Store Credit,Completed
418,RET000418,49250,129873,948,15516,20250410,1,3518400,3518400,10000,385924,3894324,2475500,Incorrect Size,Bank Transfer,Completed
419,RET000419,1766,4779,615,10064,20241226,1,4300200,4300200,99999,462022,4662223,3501100,Wrong Item Sent,E-Wallet,Pending
420,RET000420,1766,4780,372,6040,20241226,1,4069400,4069400,100000,436634,4406034,2904700,Defective Product,E-Wallet,Completed
421,RET000421,1766,4782,720,11801,20241226,4,109500,438000,100000,0,338000,85700,Late Delivery,Bank Transfer,Completed
422,RET000422,1766,4784,205,3360,20241226,6,66900,401400,60000,37554,378954,46200,Duplicate Order,Store Credit,Completed
423,RET000423,17278,45488,824,13528,20240110,1,441800,441800,0,48598,490398,277100,Incorrect Size,Bank Transfer,Completed
424,RET000424,27877,73478,674,11034,20230209,2,100200,200400,0,22044,222444,79100,Quality Issue,E-Wallet,Completed
425,RET000425,12419,32736,473,7708,20251102,1,7127200,7127200,0,783992,7911192,5968100,Defective Product,E-Wallet,Pending
426,RET000426,40015,105399,439,7135,20230507,2,421700,843400,0,92774,936174,295300,Customer Changed Mind,Bank Transfer,Completed
427,RET000427,12803,33711,397,6455,20240827,1,6280300,6280300,314015,656291,6622576,5202900,Late Delivery,Bank Transfer,Completed
428,RET000428,43207,113838,824,13515,20220623,1,441800,441800,0,48598,490398,277100,Defective Product,Voucher,Completed
429,RET000429,43207,113839,106,1724,20220623,1,284600,284600,14230,29740,300110,206700,Damaged Product,E-Wallet,Completed
430,RET000430,16291,42941,965,15800,20250814,2,3263900,6527800,0,718058,7245858,2419000,Wrong Item Sent,Voucher,Completed
431,RET000431,16291,42943,734,12040,20250814,2,1017200,2034400,0,223784,2258184,703200,Quality Issue,E-Wallet,Completed
432,RET000432,14775,38915,639,10473,20251122,5,97200,486000,0,53460,539460,71200,Customer Changed Mind,Bank Transfer,Completed
433,RET000433,4690,12468,781,12840,20240531,2,11671200,23342400,0,2567664,25910064,9821200,Defective Product,Bank Transfer,Pending
434,RET000434,36353,95794,135,2204,20250120,2,75700,151400,0,16654,168054,54400,Defective Product,E-Wallet,Completed
435,RET000435,36353,95795,660,10810,20250120,3,131300,393900,0,43329,437229,95700,Late Delivery,Bank Transfer,Completed
436,RET000436,36353,95796,299,4852,20250120,1,594600,594600,29730,62135,627005,466700,Wrong Item Sent,E-Wallet,Completed
437,RET000437,40896,107705,263,4284,20230214,1,3316900,3316900,331690,328373,3313583,2433400,Damaged Product,E-Wallet,Pending
438,RET000438,887,2400,565,9276,20260513,4,661700,2646800,80000,282348,2849148,490800,Quality Issue,Store Credit,Completed
439,RET000439,23829,62818,276,4488,20230125,1,1282800,1282800,64140,134052,1352712,806900,Damaged Product,Cash,Completed
440,RET000440,17842,46974,94,1537,20250522,1,1277700,1277700,63885,133519,1347334,856400,Wrong Item Sent,Store Credit,Completed
441,RET000441,23878,62952,386,6263,20260705,10,8900,89000,0,9790,98790,6200,Quality Issue,E-Wallet,Completed
442,RET000442,11790,31111,284,4623,20230124,1,99400,99400,0,10934,110334,82600,Customer Changed Mind,Cash,Completed
443,RET000443,39582,104237,383,6223,20220512,1,6519700,6519700,0,717167,7236867,5542000,Defective Product,E-Wallet,Completed
444,RET000444,46605,122861,279,4532,20221127,1,827200,827200,0,90992,918192,649200,Customer Changed Mind,E-Wallet,Completed
445,RET000445,18278,48159,163,2679,20230805,1,12700,12700,635,1327,13392,10300,Customer Changed Mind,E-Wallet,Completed
446,RET000446,18278,48160,962,15741,20230805,1,143000,143000,7150,14943,150793,107600,Damaged Product,Store Credit,Completed
447,RET000447,18278,48161,608,9940,20230805,1,736700,736700,0,81037,817737,572900,Damaged Product,Bank Transfer,Pending
448,RET000448,18278,48162,431,6999,20230805,1,16884200,16884200,0,1857262,18741462,14124600,Duplicate Order,Bank Transfer,Completed
449,RET000449,45087,118774,75,1214,20251107,2,30100,60200,5000,0,55200,22700,Quality Issue,Cash,Completed
450,RET000450,45087,118776,851,13952,20251107,2,994800,1989600,6666,218122,2201056,705100,Customer Changed Mind,Bank Transfer,Completed
451,RET000451,31271,82524,771,12673,20231022,1,633300,633300,0,69663,702963,486400,Defective Product,E-Wallet,Completed
452,RET000452,21119,55739,796,13066,20240726,3,2502900,7508700,0,825957,8334657,1876400,Wrong Item Sent,Store Credit,Completed
453,RET000453,21119,55740,593,9710,20240726,1,3481400,3481400,0,382954,3864354,3187300,Defective Product,Store Credit,Completed
454,RET000454,45974,121170,791,12987,20230604,2,1941700,3883400,0,427174,4310574,1263200,Customer Changed Mind,Voucher,Completed
455,RET000455,45974,121171,653,10699,20230604,3,45000,135000,0,0,135000,39100,Defective Product,Cash,Completed
456,RET000456,45974,121172,937,15342,20230604,1,8335200,8335200,416760,871028,8789468,7147700,Customer Changed Mind,Cash,Completed
457,RET000457,17823,46914,227,3723,20241129,1,92100,92100,0,0,92100,79200,Damaged Product,Cash,Completed
458,RET000458,49286,129964,15,245,20250528,1,46900,46900,2345,4901,49456,39800,Customer Changed Mind,E-Wallet,Completed
459,RET000459,48529,127930,551,9035,20240314,3,876200,2628600,0,289146,2917746,559100,Damaged Product,Cash,Completed
460,RET000460,40909,107733,67,1089,20220310,1,920600,920600,92060,91139,919679,603900,Defective Product,Voucher,Completed
461,RET000461,3005,8045,515,8422,20220707,1,182200,182200,9110,19039,192129,131300,Defective Product,E-Wallet,Completed
462,RET000462,3005,8047,941,15410,20220707,1,85800,85800,0,0,85800,76600,Defective Product,E-Wallet,Completed
463,RET000463,3005,8048,855,14016,20220707,3,339400,1018200,0,112002,1130202,242300,Defective Product,Cash,Completed
464,RET000464,4864,12945,698,11431,20220930,2,1664300,3328600,0,366146,3694746,1304500,Late Delivery,Bank Transfer,Completed
465,RET000465,18132,47762,923,15109,20260625,1,179700,179700,0,19767,199467,124600,Damaged Product,Bank Transfer,Completed
466,RET000466,6528,17320,532,8697,20230430,1,26000,26000,0,2860,28860,18500,Damaged Product,E-Wallet,Completed
467,RET000467,6528,17321,376,6105,20230430,1,1287000,1287000,0,141570,1428570,823000,Damaged Product,Voucher,Completed
468,RET000468,25393,66943,504,8243,20251022,1,855700,855700,42785,89420,902335,686500,Damaged Product,Cash,Completed
469,RET000469,36628,96511,614,10045,20240113,1,3161100,3161100,0,347721,3508821,2517400,Quality Issue,Store Credit,Completed
470,RET000470,36628,96512,613,10026,20240113,1,7257800,7257800,0,798358,8056158,6211400,Customer Changed Mind,Bank Transfer,Rejected
471,RET000471,24157,63709,831,13640,20220214,1,1728700,1728700,86435,180649,1822914,1165200,Defective Product,Cash,Completed
472,RET000472,24157,63710,256,4188,20220214,1,23795500,23795500,0,2617505,26413005,20269800,Incorrect Size,E-Wallet,Completed
473,RET000473,28594,75375,281,4574,20230725,1,5989900,5989900,0,658889,6648789,4927300,Wrong Item Sent,E-Wallet,Completed
474,RET000474,29178,76946,512,8372,20250118,1,15600,15600,0,1716,17316,12600,Expired Product,Cash,Completed
475,RET000475,27084,71384,493,8054,20241029,1,3075600,3075600,0,338316,3413916,2206500,Customer Changed Mind,Cash,Completed
476,RET000476,27084,71386,992,16219,20241029,1,43800,43800,0,0,43800,32900,Wrong Item Sent,E-Wallet,Completed
477,RET000477,46054,121389,765,12559,20251004,4,1478200,5912800,0,650408,6563208,1110600,Damaged Product,Bank Transfer,Completed
478,RET000478,26310,69275,51,836,20240227,1,148500,148500,0,16335,164835,98400,Incorrect Size,E-Wallet,Completed
479,RET000479,21033,55469,431,7004,20231202,1,16884200,16884200,0,1857262,18741462,14124600,Wrong Item Sent,E-Wallet,Pending
480,RET000480,18719,49336,558,9154,20241223,2,752000,1504000,10000,164340,1658340,555600,Duplicate Order,Cash,Completed
481,RET000481,18719,49337,219,3592,20241223,1,3907200,3907200,10000,428692,4325892,3415400,Incorrect Size,Cash,Completed
482,RET000482,23611,62254,611,9989,20250516,1,13200,13200,0,1452,14652,11400,Customer Changed Mind,Cash,Completed
483,RET000483,10807,28582,814,13361,20260622,6,24100,144600,0,15906,160506,20000,Quality Issue,Bank Transfer,Completed
484,RET000484,14076,37093,581,9513,20231127,2,936500,1873000,0,206030,2079030,747800,Damaged Product,Bank Transfer,Completed
485,RET000485,39655,104413,340,5523,20251024,2,356600,713200,66666,71118,717652,283600,Defective Product,E-Wallet,Completed
486,RET000486,25688,67690,771,12669,20251025,1,633300,633300,0,69663,702963,486400,Customer Changed Mind,Bank Transfer,Completed
487,RET000487,3695,9902,924,15116,20251222,2,148500,297000,0,32670,329670,104100,Quality Issue,Bank Transfer,Completed
488,RET000488,3695,9905,486,7916,20251222,1,1176800,1176800,5000,128898,1300698,853200,Wrong Item Sent,Cash,Completed
489,RET000489,17571,46282,974,15937,20250716,3,415600,1246800,0,137148,1383948,297900,Customer Changed Mind,E-Wallet,Pending
490,RET000490,4469,11896,699,11439,20241115,2,2802400,5604800,75000,608278,6138078,2104400,Defective Product,E-Wallet,Pending
491,RET000491,31122,82102,773,12706,20230413,1,1563000,1563000,0,171930,1734930,1252300,Damaged Product,Voucher,Completed
492,RET000492,31122,82103,286,4653,20230413,1,467000,467000,0,51370,518370,342100,Damaged Product,Cash,Completed
493,RET000493,31122,82106,438,7127,20230413,2,565900,1131800,0,124498,1256298,459800,Late Delivery,Bank Transfer,Rejected
494,RET000494,29508,77803,6,86,20221124,1,6990300,6990300,0,768933,7759233,5820400,Quality Issue,Store Credit,Completed
495,RET000495,43253,113976,432,7029,20220115,1,1205700,1205700,0,132627,1338327,846700,Wrong Item Sent,Voucher,Completed
496,RET000496,2683,7184,803,13185,20250520,1,3151200,3151200,100000,335632,3386832,2528600,Expired Product,Bank Transfer,Completed
497,RET000497,4856,12919,580,9503,20260628,2,7644000,15288000,0,1681680,16969680,6011300,Customer Changed Mind,E-Wallet,Completed
498,RET000498,4856,12921,46,756,20260628,1,328100,328100,0,36091,364191,246000,Quality Issue,Store Credit,Completed
499,RET000499,4856,12922,41,669,20260628,1,1842100,1842100,184210,182367,1840257,1182500,Wrong Item Sent,Bank Transfer,Completed
500,RET000500,12863,33866,786,12919,20231025,3,385300,1155900,0,127149,1283049,304700,Damaged Product,Cash,Completed
501,RET000501,12863,33868,478,7796,20231025,1,185600,185600,0,0,185600,139400,Wrong Item Sent,E-Wallet,Completed
502,RET000502,12863,33869,222,3638,20231025,3,1318800,3956400,0,435204,4391604,1072200,Quality Issue,E-Wallet,Completed
503,RET000503,12863,33872,17,282,20231025,1,3288300,3288300,0,361713,3650013,2370400,Damaged Product,E-Wallet,Completed
504,RET000504,45928,121046,547,8944,20220529,1,3371300,3371300,0,370843,3742143,2708000,Defective Product,E-Wallet,Completed
505,RET000505,14462,38094,479,7802,20230117,3,2286800,6860400,0,754644,7615044,1700900,Incorrect Size,E-Wallet,Completed
506,RET000506,14462,38095,559,9166,20230117,1,646300,646300,32315,67538,681523,426200,Incorrect Size,E-Wallet,Completed
507,RET000507,12918,34018,656,10752,20220703,3,22900,68700,3435,7179,72444,18400,Damaged Product,E-Wallet,Completed
508,RET000508,33347,88053,82,1334,20260111,1,13293900,13293900,0,1462329,14756229,10804800,Defective Product,Voucher,Completed
509,RET000509,10767,28470,473,7707,20251029,2,7127200,14254400,25000,1565234,15794634,5968100,Quality Issue,Bank Transfer,Completed
510,RET000510,36744,96800,728,11946,20230619,1,585400,585400,29270,61174,617304,494500,Customer Changed Mind,Bank Transfer,Completed
511,RET000511,5276,14047,542,8852,20220921,1,2455500,2455500,0,270105,2725605,1555300,Customer Changed Mind,Cash,Completed
512,RET000512,5276,14049,934,15288,20220921,1,8295900,8295900,1244385,775666,7827181,6591700,Damaged Product,E-Wallet,Completed
513,RET000513,31608,83436,794,13034,20260209,4,215000,860000,0,94600,954600,160600,Quality Issue,Bank Transfer,Completed
514,RET000514,31608,83438,272,4428,20260209,1,4193600,4193600,0,461296,4654896,3193300,Incorrect Size,Bank Transfer,Completed
515,RET000515,31608,83440,289,4700,20260209,2,344900,689800,68980,68290,689110,240500,Damaged Product,E-Wallet,Completed
516,RET000516,46043,121350,994,16248,20231018,1,480900,480900,0,52899,533799,345500,Wrong Item Sent,Cash,Completed
517,RET000517,46043,121352,86,1390,20231018,2,6190600,12381200,0,1361932,13743132,5126800,Defective Product,E-Wallet,Completed
518,RET000518,46043,121353,692,11329,20231018,1,156700,156700,0,17237,173937,111100,Quality Issue,Cash,Completed
519,RET000519,21293,56192,906,14844,20221118,1,18100,18100,905,0,17195,16000,Customer Changed Mind,E-Wallet,Completed
520,RET000520,21293,56194,830,13626,20221118,3,104300,312900,0,34419,347319,78600,Customer Changed Mind,Bank Transfer,Completed
521,RET000521,1960,5298,195,3213,20230614,2,2901800,5803600,0,638396,6441996,2207600,Quality Issue,E-Wallet,Completed
522,RET000522,492,1339,726,11899,20220717,1,3100900,3100900,0,341099,3441999,2414800,Defective Product,E-Wallet,Completed
523,RET000523,492,1340,546,8927,20220717,6,42500,255000,0,0,255000,35600,Customer Changed Mind,Bank Transfer,Completed
524,RET000524,492,1341,757,12420,20220717,2,2996000,5992000,0,659120,6651120,1910100,Damaged Product,Store Credit,Completed
525,RET000525,38241,100706,515,8428,20250912,3,182200,546600,10000,59026,595626,131300,Customer Changed Mind,Cash,Completed
526,RET000526,8037,21253,824,13530,20260616,1,441800,441800,25000,45848,462648,277100,Customer Changed Mind,Bank Transfer,Completed
527,RET000527,26974,71089,887,14531,20260218,1,2864100,2864100,0,315051,3179151,2271500,Quality Issue,E-Wallet,Completed
528,RET000528,26974,71090,738,12107,20260218,2,8587300,17174600,0,1889206,19063806,7271800,Expired Product,Store Credit,Pending
529,RET000529,44701,117792,200,3283,20220222,1,5397600,5397600,0,593736,5991336,4667500,Quality Issue,E-Wallet,Completed
530,RET000530,37279,98199,576,9449,20240907,2,5012600,10025200,501260,1047633,10571573,4169400,Expired Product,E-Wallet,Completed
531,RET000531,38339,100946,809,13276,20230511,3,11000,33000,0,3630,36630,8000,Customer Changed Mind,Bank Transfer,Completed
532,RET000532,26567,70001,433,7047,20251123,1,2353300,2353300,150000,242363,2445663,1749300,Defective Product,Bank Transfer,Completed
533,RET000533,6063,16125,915,14976,20231030,1,2088900,2088900,0,229779,2318679,1664300,Defective Product,Bank Transfer,Completed
534,RET000534,33278,87864,527,8617,20240106,1,20621600,20621600,1031080,2154957,21745477,18346200,Incorrect Size,Voucher,Pending
535,RET000535,33278,87865,453,7367,20240106,2,18100,36200,0,3982,40182,15600,Customer Changed Mind,Bank Transfer,Completed
536,RET000536,33278,87867,289,4703,20240106,3,344900,1034700,0,113817,1148517,240500,Defective Product,E-Wallet,Completed
537,RET000537,28377,74765,40,648,20250501,1,420700,420700,0,46277,466977,315100,Wrong Item Sent,Bank Transfer,Completed
538,RET000538,28377,74766,804,13201,20250501,1,794400,794400,0,87384,881784,548400,Incorrect Size,Voucher,Completed
539,RET000539,22576,59530,14,230,20220502,4,417300,1669200,0,183612,1852812,299000,Defective Product,E-Wallet,Completed
540,RET000540,22546,59456,847,13896,20221117,1,1953000,1953000,97650,204088,2059438,1535000,Damaged Product,E-Wallet,Completed
541,RET000541,5657,15054,590,9671,20230425,1,283300,283300,14165,29604,298739,230100,Damaged Product,Voucher,Completed
542,RET000542,5657,15056,629,10310,20230425,4,1967400,7869600,0,865656,8735256,1312500,Defective Product,Voucher,Completed
543,RET000543,5657,15057,10,169,20230425,1,1641500,1641500,0,180565,1822065,1256200,Incorrect Size,Bank Transfer,Completed
544,RET000544,26084,68702,786,12912,20230813,1,385300,385300,0,42383,427683,304700,Customer Changed Mind,E-Wallet,Completed
545,RET000545,48218,127086,430,6983,20260406,2,6967800,13935600,0,1532916,15468516,6279200,Customer Changed Mind,Bank Transfer,Completed
546,RET000546,47166,124317,149,2461,20260103,2,353200,706400,35320,73818,744898,260100,Defective Product,Store Credit,Completed
547,RET000547,47166,124320,186,3069,20260103,1,2578400,2578400,128920,269442,2718922,1933000,Wrong Item Sent,E-Wallet,Completed
548,RET000548,19992,52723,582,9535,20231128,3,48100,144300,0,15873,160173,36500,Quality Issue,Voucher,Completed
549,RET000549,19992,52725,540,8825,20231128,1,1572800,1572800,0,173008,1745808,1016300,Customer Changed Mind,Bank Transfer,Completed
550,RET000550,20041,52850,176,2913,20230627,1,254800,254800,0,28028,282828,187700,Expired Product,E-Wallet,Completed
551,RET000551,20041,52851,372,6050,20230627,1,4069400,4069400,0,447634,4517034,2904700,Damaged Product,E-Wallet,Completed
552,RET000552,12520,32992,315,5121,20221121,2,1766800,3533600,353360,349826,3530066,1468400,Customer Changed Mind,Voucher,Completed
553,RET000553,12520,32996,520,8499,20221121,2,427700,855400,85540,84684,854544,349800,Damaged Product,Bank Transfer,Completed
554,RET000554,18737,49387,620,10159,20240620,1,1201000,1201000,0,132110,1333110,803200,Defective Product,Store Credit,Completed
555,RET000555,18737,49389,783,12872,20240620,3,337600,1012800,0,111408,1124208,262000,Customer Changed Mind,Store Credit,Completed
556,RET000556,48847,128778,141,2330,20250124,2,68100,136200,0,0,136200,60600,Damaged Product,E-Wallet,Completed
557,RET000557,17320,45610,676,11063,20250918,1,6352600,6352600,0,698786,7051386,5073900,Defective Product,E-Wallet,Completed
558,RET000558,17320,45612,855,14009,20250918,1,339400,339400,0,37334,376734,242300,Damaged Product,Store Credit,Completed
559,RET000559,22719,59930,95,1553,20230808,1,41500,41500,2075,4336,43761,31600,Incorrect Size,Voucher,Completed
560,RET000560,28927,76233,958,15681,20220116,4,831400,3325600,0,365816,3691416,616800,Incorrect Size,Cash,Completed
561,RET000561,47421,124991,264,4312,20260312,1,77300,77300,0,0,77300,66100,Quality Issue,E-Wallet,Completed
562,RET000562,1057,2845,674,11035,20240726,1,100200,100200,0,11022,111222,79100,Incorrect Size,E-Wallet,Completed
563,RET000563,45864,120878,198,3245,20250313,4,319500,1278000,0,140580,1418580,217600,Quality Issue,E-Wallet,Completed
564,RET000564,30319,79931,423,6874,20230401,2,756700,1513400,75670,158150,1595880,531100,Expired Product,Bank Transfer,Completed
565,RET000565,6001,15968,691,11314,20260503,1,5766600,5766600,0,634326,6400926,4450200,Duplicate Order,E-Wallet,Completed
566,RET000566,6001,15970,896,14684,20260503,1,397200,397200,0,43692,440892,287900,Damaged Product,E-Wallet,Completed
567,RET000567,6001,15971,947,15500,20260503,1,6027500,6027500,0,663025,6690525,4736400,Defective Product,E-Wallet,Pending
568,RET000568,23425,61791,288,4690,20240219,2,38000,76000,0,8360,84360,29700,Wrong Item Sent,E-Wallet,Completed
569,RET000569,23425,61792,822,13491,20240219,3,1557000,4671000,233550,488119,4925569,1091900,Damaged Product,E-Wallet,Rejected
570,RET000570,10937,28897,718,11780,20230427,2,455000,910000,0,100100,1010100,326500,Quality Issue,E-Wallet,Completed
571,RET000571,10937,28899,398,6473,20230427,1,10661700,10661700,0,1172787,11834487,9364700,Expired Product,E-Wallet,Pending
572,RET000572,9510,25126,849,13922,20241031,1,15684200,15684200,0,1725262,17409462,14314600,Incorrect Size,Cash,Completed
573,RET000573,9510,25128,817,13408,20241031,2,2827700,5655400,282770,590989,5963619,1926000,Incorrect Size,E-Wallet,Completed
574,RET000574,24753,65225,921,15069,20220507,3,33000,99000,0,10890,109890,22800,Damaged Product,Voucher,Completed
575,RET000575,23856,62889,60,989,20251225,3,3399000,10197000,0,1121670,11318670,2581400,Damaged Product,Bank Transfer,Completed
576,RET000576,37989,100034,50,812,20231106,2,463100,926200,46310,96787,976677,344700,Damaged Product,Store Credit,Completed
577,RET000577,37989,100035,954,15612,20231106,1,13620000,13620000,0,1498200,15118200,11617900,Quality Issue,Cash,Completed
578,RET000578,26216,69033,603,9871,20250903,1,9254800,9254800,10000,1016928,10261728,7829200,Quality Issue,E-Wallet,Pending
579,RET000579,22869,60325,481,7845,20231003,2,729200,1458400,0,160424,1618824,507500,Defective Product,Store Credit,Completed
580,RET000580,23976,63224,639,10479,20260529,2,97200,194400,30000,18084,182484,71200,Defective Product,Store Credit,Completed
581,RET000581,35596,93846,865,14188,20250401,1,95000,95000,0,0,95000,79900,Damaged Product,E-Wallet,Completed
582,RET000582,35596,93849,896,14684,20250401,3,397200,1191600,0,131076,1322676,287900,Wrong Item Sent,Store Credit,Completed
583,RET000583,49093,129456,328,5332,20250527,5,747300,3736500,0,411015,4147515,560100,Damaged Product,Bank Transfer,Completed
584,RET000584,20103,53019,925,15135,20230314,1,413200,413200,0,45452,458652,305000,Incorrect Size,Cash,Completed
585,RET000585,4098,10934,343,5583,20241118,1,6344300,6344300,100000,686873,6931173,5437800,Damaged Product,Voucher,Completed
586,RET000586,46807,123351,218,3567,20240107,2,4564100,9128200,0,1004102,10132302,3622000,Defective Product,E-Wallet,Completed
587,RET000587,46807,123352,710,11636,20240107,2,4577100,9154200,457710,956613,9653103,3765400,Wrong Item Sent,Store Credit,Completed
588,RET000588,46807,123353,903,14796,20240107,1,17974900,17974900,0,1977239,19952139,15345000,Expired Product,Cash,Rejected
589,RET000589,8342,22042,123,2022,20230119,1,1229200,1229200,61460,128451,1296191,905400,Defective Product,Store Credit,Completed
590,RET000590,22370,59003,948,15519,20220830,1,3518400,3518400,0,387024,3905424,2475500,Defective Product,E-Wallet,Completed
591,RET000591,37919,99870,139,2277,20230326,1,2992700,2992700,0,329197,3321897,2232700,Defective Product,E-Wallet,Completed
592,RET000592,6570,17440,779,12805,20221120,4,168100,672400,0,73964,746364,118500,Quality Issue,Store Credit,Pending
593,RET000593,37571,98981,441,7175,20230205,1,14338400,14338400,0,1577224,15915624,12390000,Customer Changed Mind,Bank Transfer,Completed
594,RET000594,37571,98982,402,6539,20230205,2,330300,660600,0,72666,733266,216100,Defective Product,Bank Transfer,Completed
595,RET000595,48564,128024,995,16267,20240127,1,15280200,15280200,0,1680822,16961022,13401700,Customer Changed Mind,Voucher,Pending
596,RET000596,37424,98581,395,6419,20251123,2,118100,236200,10000,24882,251082,96000,Late Delivery,Store Credit,Completed
597,RET000597,14149,37283,200,3285,20231105,1,5397600,5397600,0,593736,5991336,4667500,Customer Changed Mind,E-Wallet,Completed
598,RET000598,36408,95937,967,15834,20240127,2,108500,217000,0,23870,240870,69800,Late Delivery,Voucher,Completed
599,RET000599,44250,116641,671,10989,20260323,5,42400,212000,0,23320,235320,35400,Wrong Item Sent,Voucher,Completed
600,RET000600,10431,27601,689,11278,20230812,5,668600,3343000,0,367730,3710730,501600,Wrong Item Sent,Bank Transfer,Completed
601,RET000601,12242,32284,475,7744,20221227,1,1379100,1379100,0,151701,1530801,1167100,Damaged Product,Bank Transfer,Completed
602,RET000602,12242,32285,970,15880,20221227,2,436500,873000,0,96030,969030,344100,Customer Changed Mind,Store Credit,Completed
603,RET000603,12242,32287,495,8100,20221227,1,1086900,1086900,0,119559,1206459,777200,Wrong Item Sent,E-Wallet,Completed
604,RET000604,11299,29834,836,13711,20250618,6,74500,447000,22350,46711,471361,52800,Customer Changed Mind,E-Wallet,Completed
605,RET000605,11504,30359,198,3256,20241210,2,319500,639000,31950,66775,673825,217600,Damaged Product,Cash,Completed
606,RET000606,11504,30363,486,7925,20241210,4,1176800,4707200,0,517792,5224992,853200,Wrong Item Sent,Cash,Pending
607,RET000607,11504,30364,856,14034,20241210,3,355800,1067400,0,117414,1184814,229000,Defective Product,Cash,Completed
608,RET000608,20698,54605,513,8388,20231203,1,5659500,5659500,0,622545,6282045,4799100,Defective Product,E-Wallet,Completed
609,RET000609,48051,126648,792,13008,20240824,3,206900,620700,31035,64863,654528,159200,Wrong Item Sent,Cash,Completed
610,RET000610,12416,32731,830,13632,20221110,2,104300,208600,0,22946,231546,78600,Customer Changed Mind,E-Wallet,Completed
611,RET000611,43575,114795,755,12393,20220320,1,13689500,13689500,0,1505845,15195345,11882400,Customer Changed Mind,Store Credit,Completed
612,RET000612,43575,114796,997,16304,20220320,6,83100,498600,0,54846,553446,60600,Customer Changed Mind,Cash,Completed
613,RET000613,13609,35857,47,763,20260717,2,46000,92000,0,10120,102120,39400,Wrong Item Sent,E-Wallet,Pending
614,RET000614,31525,83190,186,3076,20250602,1,2578400,2578400,128920,269442,2718922,1933000,Damaged Product,Bank Transfer,Completed
615,RET000615,15955,42027,569,9332,20260302,1,683400,683400,0,75174,758574,545600,Defective Product,E-Wallet,Pending
616,RET000616,47274,124624,192,3155,20230522,1,412700,412700,20635,43127,435192,281600,Quality Issue,E-Wallet,Completed
617,RET000617,47274,124627,683,11186,20230522,3,464800,1394400,0,153384,1547784,338800,Damaged Product,E-Wallet,Completed
618,RET000618,38715,101962,242,3948,20240818,3,61900,185700,7500,0,178200,51700,Damaged Product,Bank Transfer,Completed
619,RET000619,20030,52819,834,13683,20251003,1,99200,99200,0,0,99200,88000,Damaged Product,Bank Transfer,Completed
620,RET000620,8361,22085,544,8889,20220228,1,9812700,9812700,0,1079397,10892097,8702500,Damaged Product,E-Wallet,Pending
621,RET000621,13976,36839,534,8731,20241122,1,1758100,1758100,0,193391,1951491,1257800,Damaged Product,E-Wallet,Completed
622,RET000622,338,911,519,8480,20250310,1,2950000,2950000,0,324500,3274500,2683100,Defective Product,Bank Transfer,Completed
623,RET000623,45650,120310,619,10139,20220622,2,610700,1221400,61070,127636,1287966,391100,Duplicate Order,E-Wallet,Completed
624,RET000624,21346,56327,62,1015,20230127,1,5331300,5331300,0,586443,5917743,4167200,Damaged Product,Store Credit,Completed
625,RET000625,41843,110229,230,3762,20220423,1,4159200,4159200,0,457512,4616712,3276600,Customer Changed Mind,E-Wallet,Completed
626,RET000626,41843,110230,803,13182,20220423,3,3151200,9453600,0,1039896,10493496,2528600,Expired Product,Voucher,Completed
627,RET000627,31761,83838,403,6560,20230308,2,14359400,28718800,0,3159068,31877868,13148900,Damaged Product,E-Wallet,Completed
628,RET000628,31761,83840,376,6118,20230308,3,1287000,3861000,0,424710,4285710,823000,Damaged Product,E-Wallet,Completed
629,RET000629,25935,68320,515,8421,20240628,1,182200,182200,0,20042,202242,131300,Defective Product,Voucher,Completed
630,RET000630,25935,68325,228,3732,20240628,1,1046200,1046200,0,115082,1161282,729600,Customer Changed Mind,Store Credit,Completed
631,RET000631,25935,68326,790,12975,20240628,2,2478500,4957000,0,545270,5502270,1725400,Defective Product,Bank Transfer,Completed
632,RET000632,45724,120505,123,2019,20231127,1,1229200,1229200,0,135212,1364412,905400,Damaged Product,E-Wallet,Completed
633,RET000633,4028,10762,896,14695,20230113,1,397200,397200,0,43692,440892,287900,Defective Product,E-Wallet,Completed
634,RET000634,41601,109607,240,3924,20240308,5,57600,288000,0,31680,319680,44800,Wrong Item Sent,E-Wallet,Completed
635,RET000635,41601,109608,106,1732,20240308,1,284600,284600,0,31306,315906,206700,Customer Changed Mind,E-Wallet,Completed
636,RET000636,26897,70883,869,14264,20250424,3,807700,2423100,121155,253213,2555158,569200,Wrong Item Sent,Store Credit,Completed
637,RET000637,37737,99394,817,13409,20220916,3,2827700,8483100,424155,886483,8945428,1926000,Defective Product,E-Wallet,Completed
638,RET000638,37737,99395,89,1449,20220916,1,468300,468300,46830,46361,467831,318600,Customer Changed Mind,E-Wallet,Completed
639,RET000639,24990,65866,546,8929,20230407,2,42500,85000,0,0,85000,35600,Damaged Product,E-Wallet,Completed
640,RET000640,41444,109207,299,4857,20250413,2,594600,1189200,100000,119812,1209012,466700,Customer Changed Mind,Store Credit,Rejected
641,RET000641,43872,115582,89,1449,20230913,1,468300,468300,0,51513,519813,318600,Defective Product,Voucher,Completed
642,RET000642,31777,83892,921,15071,20240406,2,33000,66000,0,7260,73260,22800,Customer Changed Mind,Cash,Pending
643,RET000643,41821,110178,154,2545,20220803,3,977100,2931300,0,322443,3253743,706900,Customer Changed Mind,Store Credit,Completed
644,RET000644,5936,15805,471,7668,20240514,1,2021500,2021500,0,222365,2243865,1559900,Customer Changed Mind,E-Wallet,Completed
645,RET000645,33398,88180,438,7121,20250617,4,565900,2263600,120000,235796,2379396,459800,Damaged Product,Voucher,Completed
646,RET000646,1518,4120,131,2152,20250119,2,2216700,4433400,100000,476674,4810074,1594400,Defective Product,E-Wallet,Completed
647,RET000647,13330,35076,884,14497,20240516,2,7775200,15550400,0,1710544,17260944,5999100,Damaged Product,Voucher,Completed
648,RET000648,13330,35077,388,6300,20240516,1,13306500,13306500,0,1463715,14770215,10861800,Customer Changed Mind,Cash,Completed
649,RET000649,4679,12440,710,11636,20240815,1,4577100,4577100,9999,502381,5069482,3765400,Wrong Item Sent,Store Credit,Completed
650,RET000650,28360,74721,298,4847,20251103,1,115500,115500,0,12705,128205,94700,Quality Issue,Bank Transfer,Completed
651,RET000651,26519,69868,709,11629,20231116,2,1439700,2879400,0,316734,3196134,1055400,Damaged Product,E-Wallet,Completed
652,RET000652,26519,69869,544,8904,20231116,1,9812700,9812700,0,1079397,10892097,8702500,Customer Changed Mind,E-Wallet,Completed
653,RET000653,20681,54559,89,1455,20220107,2,468300,936600,0,103026,1039626,318600,Damaged Product,Store Credit,Completed
654,RET000654,35520,93642,948,15525,20240519,2,3518400,7036800,0,774048,7810848,2475500,Defective Product,E-Wallet,Completed
655,RET000655,26653,70222,394,6398,20260115,2,3655800,7311600,66666,796942,8041876,3042300,Customer Changed Mind,Store Credit,Completed
656,RET000656,26653,70223,749,12299,20260115,1,301800,301800,50000,27698,279498,245600,Customer Changed Mind,Store Credit,Completed
657,RET000657,26653,70225,642,10524,20260115,3,324700,974100,100000,96151,970251,248600,Customer Changed Mind,E-Wallet,Completed
658,RET000658,26653,70226,92,1501,20260115,2,26900,53800,10760,4734,47774,19400,Quality Issue,Cash,Completed
659,RET000659,26653,70227,773,12702,20260115,3,1563000,4689000,100000,504790,5093790,1252300,Damaged Product,Bank Transfer,Completed
660,RET000660,42254,111277,33,543,20251110,1,6944800,6944800,0,763928,7708728,6012700,Defective Product,Bank Transfer,Completed
661,RET000661,28583,75350,701,11473,20241009,4,1695700,6782800,0,746108,7528908,1217500,Customer Changed Mind,Store Credit,Completed
662,RET000662,28583,75352,143,2350,20241009,1,6827800,6827800,0,751058,7578858,6116600,Damaged Product,E-Wallet,Completed
663,RET000663,15559,40964,219,3593,20251121,1,3907200,3907200,0,429792,4336992,3415400,Quality Issue,Store Credit,Completed
664,RET000664,14396,37927,163,2685,20221018,1,12700,12700,635,1327,13392,10300,Damaged Product,E-Wallet,Completed
665,RET000665,4529,12074,218,3574,20240126,2,4564100,9128200,0,1004102,10132302,3622000,Customer Changed Mind,E-Wallet,Completed
666,RET000666,21966,57926,14,225,20240415,3,417300,1251900,0,137709,1389609,299000,Wrong Item Sent,E-Wallet,Completed
667,RET000667,21966,57929,763,12527,20240415,1,10523400,10523400,0,1157574,11680974,9452100,Defective Product,E-Wallet,Pending
668,RET000668,31847,84081,957,15658,20230703,1,440400,440400,0,48444,488844,315700,Defective Product,E-Wallet,Completed
669,RET000669,31847,84082,306,4975,20230703,1,2033500,2033500,0,223685,2257185,1324300,Defective Product,E-Wallet,Completed
670,RET000670,13543,35677,341,5556,20250305,1,1181500,1181500,0,129965,1311465,942000,Incorrect Size,Store Credit,Completed
671,RET000671,13543,35678,625,10243,20250305,3,1987400,5962200,298110,623049,6287139,1283500,Quality Issue,Store Credit,Completed
672,RET000672,14894,39248,187,3085,20240102,1,111000,111000,0,0,111000,82500,Defective Product,E-Wallet,Completed
673,RET000673,19789,52198,994,16254,20260705,4,480900,1923600,25000,208846,2107446,345500,Customer Changed Mind,Cash,Completed
674,RET000674,19789,52200,192,3159,20260705,2,412700,825400,16666,88960,897694,281600,Late Delivery,Voucher,Completed
675,RET000675,19789,52201,823,13504,20260705,2,292400,584800,12500,62953,635253,216900,Customer Changed Mind,Store Credit,Rejected
676,RET000676,8625,22783,240,3909,20240304,3,57600,172800,0,19008,191808,44800,Customer Changed Mind,Store Credit,Completed
677,RET000677,2359,6346,528,8628,20250507,1,1011400,1011400,0,111254,1122654,750000,Customer Changed Mind,Voucher,Completed
678,RET000678,47718,125730,102,1672,20250419,2,1612700,3225400,0,354794,3580194,1057200,Defective Product,Cash,Completed
679,RET000679,7043,18688,342,5564,20250309,1,405800,405800,40580,40174,405394,293000,Quality Issue,E-Wallet,Completed
680,RET000680,37481,98724,966,15822,20260617,6,1229000,7374000,368700,770583,7775883,787500,Damaged Product,Bank Transfer,Completed
681,RET000681,47373,124886,234,3821,20241107,1,11215400,11215400,0,1233694,12449094,9475800,Damaged Product,E-Wallet,Completed
682,RET000682,47289,124662,236,3848,20250602,2,2778600,5557200,0,611292,6168492,2018100,Damaged Product,E-Wallet,Completed
683,RET000683,45142,118928,417,6777,20230318,1,636800,636800,63680,63043,636163,499100,Wrong Item Sent,Store Credit,Completed
684,RET000684,45142,118929,59,963,20230318,2,108200,216400,10820,22613,228193,78200,Defective Product,E-Wallet,Completed
685,RET000685,5648,15035,88,1422,20240204,1,3598700,3598700,0,395857,3994557,2864100,Defective Product,Cash,Completed
686,RET000686,5648,15036,111,1803,20240204,2,1663800,3327600,166380,347734,3508954,1041600,Damaged Product,Store Credit,Completed
687,RET000687,44656,117673,400,6503,20220117,1,4166000,4166000,0,458260,4624260,3335900,Defective Product,E-Wallet,Completed
688,RET000688,44656,117674,235,3831,20220117,1,549300,549300,0,60423,609723,422900,Damaged Product,E-Wallet,Completed
689,RET000689,43597,114856,341,5543,20250303,2,1181500,2363000,75000,251680,2539680,942000,Customer Changed Mind,Bank Transfer,Completed
690,RET000690,43597,114858,378,6139,20250303,1,2982900,2982900,37500,323994,3269394,2567100,Wrong Item Sent,Store Credit,Completed
691,RET000691,40308,106133,949,15528,20230610,2,1673800,3347600,0,368236,3715836,1071800,Customer Changed Mind,Bank Transfer,Completed
692,RET000692,22029,58094,511,8361,20241007,1,208500,208500,0,22935,231435,158800,Quality Issue,Store Credit,Completed
693,RET000693,47960,126389,445,7245,20240322,3,22800,68400,0,0,68400,19700,Defective Product,Store Credit,Completed
694,RET000694,36792,96933,162,2678,20230124,3,3558400,10675200,533760,1115558,11256998,2901600,Quality Issue,Store Credit,Completed
695,RET000695,32102,84739,713,11697,20240316,1,726300,726300,0,79893,806193,484500,Late Delivery,E-Wallet,Completed
696,RET000696,32102,84741,284,4623,20240316,3,99400,298200,14910,31161,314451,82600,Quality Issue,Bank Transfer,Completed
697,RET000697,3607,9677,663,10856,20220114,14,64400,901600,0,99176,1000776,49800,Customer Changed Mind,Store Credit,Completed
698,RET000698,10567,27961,249,4077,20220919,2,3713100,7426200,371310,776037,7830927,2997500,Damaged Product,Bank Transfer,Completed
699,RET000699,10567,27962,969,15865,20220919,2,836000,1672000,0,183920,1855920,666200,Duplicate Order,E-Wallet,Completed
700,RET000700,10567,27963,244,3992,20220919,2,1017500,2035000,0,223850,2258850,786300,Customer Changed Mind,Bank Transfer,Completed
701,RET000701,1230,3313,987,16148,20220110,1,416100,416100,0,45771,461871,343200,Quality Issue,E-Wallet,Completed
702,RET000702,1230,3315,688,11261,20220110,2,316800,633600,0,69696,703296,258600,Defective Product,Store Credit,Completed
703,RET000703,1230,3317,342,5560,20220110,2,405800,811600,0,89276,900876,293000,Late Delivery,Cash,Completed
704,RET000704,1230,3318,476,7752,20220110,1,143800,143800,0,15818,159618,119100,Defective Product,Bank Transfer,Completed
705,RET000705,38275,100782,685,11211,20260610,1,278100,278100,0,30591,308691,225400,Incorrect Size,Cash,Completed
706,RET000706,30677,80892,93,1512,20250506,2,9883100,19766200,988310,2065567,20843457,7697400,Duplicate Order,E-Wallet,Completed
707,RET000707,35504,93586,868,14250,20220508,1,11084300,11084300,554215,1158309,11688394,9409500,Wrong Item Sent,Cash,Completed
708,RET000708,35504,93587,88,1436,20220508,1,3598700,3598700,0,395857,3994557,2864100,Incorrect Size,E-Wallet,Completed
709,RET000709,35504,93588,324,5280,20220508,1,6800,6800,340,710,7170,5700,Damaged Product,Bank Transfer,Completed
710,RET000710,11745,30981,307,4988,20230124,1,2255800,2255800,0,248138,2503938,1492500,Damaged Product,Bank Transfer,Completed
711,RET000711,11745,30982,657,10763,20230124,1,535500,535500,0,58905,594405,358800,Customer Changed Mind,E-Wallet,Completed
712,RET000712,30718,80988,812,13338,20230925,5,1298400,6492000,0,714120,7206120,950200,Customer Changed Mind,E-Wallet,Completed
713,RET000713,30718,80991,458,7455,20230925,2,89800,179600,0,0,179600,79300,Defective Product,E-Wallet,Completed
714,RET000714,30718,80992,94,1542,20230925,2,1277700,2555400,0,281094,2836494,856400,Wrong Item Sent,Cash,Completed
715,RET000715,21855,57651,80,1303,20220825,1,681700,681700,0,74987,756687,517700,Customer Changed Mind,E-Wallet,Completed
716,RET000716,2867,7666,802,13160,20260227,1,211100,211100,0,23221,234321,166900,Customer Changed Mind,Bank Transfer,Completed
717,RET000717,2867,7667,186,3061,20260227,1,2578400,2578400,0,283624,2862024,1933000,Customer Changed Mind,E-Wallet,Completed
718,RET000718,2867,7668,511,8351,20260227,2,208500,417000,20850,43576,439726,158800,Defective Product,Bank Transfer,Completed
719,RET000719,27777,73218,148,2448,20250112,2,4850900,9701800,100000,1056198,10657998,3490800,Defective Product,Store Credit,Completed
720,RET000720,16697,44004,311,5057,20230609,1,1355300,1355300,135530,134174,1353944,903200,Duplicate Order,E-Wallet,Completed
721,RET000721,16697,44005,746,12248,20230609,2,4128400,8256800,0,908248,9165048,3234900,Defective Product,Store Credit,Completed
722,RET000722,16697,44006,927,15177,20230609,1,9451900,9451900,0,1039709,10491609,7273200,Damaged Product,Store Credit,Pending
723,RET000723,18926,49891,883,14483,20230108,2,4216900,8433800,0,927718,9361518,3218700,Defective Product,Bank Transfer,Completed
724,RET000724,18926,49893,422,6861,20230108,1,2175200,2175200,0,239272,2414472,1393200,Customer Changed Mind,E-Wallet,Completed
725,RET000725,8901,23515,730,11963,20230307,1,125600,125600,0,0,125600,102500,Defective Product,Bank Transfer,Completed
726,RET000726,8901,23517,634,10381,20230307,2,3237000,6474000,0,712140,7186140,2525700,Damaged Product,E-Wallet,Completed
727,RET000727,44779,117987,504,8245,20260511,5,855700,4278500,75000,462385,4665885,686500,Late Delivery,E-Wallet,Completed
728,RET000728,44779,117988,60,990,20260511,2,3399000,6798000,75000,739530,7462530,2581400,Defective Product,E-Wallet,Completed
729,RET000729,44825,118110,702,11489,20220510,1,195300,195300,0,21483,216783,137700,Damaged Product,E-Wallet,Completed
730,RET000730,923,2504,480,7816,20231107,1,10143100,10143100,0,1115741,11258841,8093600,Damaged Product,E-Wallet,Completed
731,RET000731,46102,121501,807,13247,20250509,1,638300,638300,63830,63191,637661,447400,Late Delivery,Cash,Completed
732,RET000732,16935,44658,779,12804,20250509,3,168100,504300,0,55473,559773,118500,Defective Product,Cash,Completed
733,RET000733,48406,127582,661,10838,20230129,1,2797900,2797900,0,307769,3105669,2254500,Late Delivery,Bank Transfer,Completed
734,RET000734,21734,57336,896,14692,20241210,1,397200,397200,39720,39322,396802,287900,Defective Product,E-Wallet,Completed
735,RET000735,22043,58144,731,11988,20260501,2,63800,127600,12760,0,114840,54700,Defective Product,Cash,Completed
736,RET000736,11028,29123,597,9768,20221015,1,353000,353000,0,38830,391830,233200,Damaged Product,Cash,Completed
737,RET000737,38721,101984,984,16105,20240612,3,575200,1725600,0,189816,1915416,369000,Incorrect Size,E-Wallet,Completed
738,RET000738,18317,48248,128,2091,20240223,1,2683700,2683700,0,295207,2978907,2164400,Late Delivery,Voucher,Completed
739,RET000739,29046,76566,309,5026,20240604,2,658000,1316000,0,144760,1460760,468700,Late Delivery,E-Wallet,Completed
740,RET000740,23081,60876,120,1963,20230122,1,167700,167700,0,18447,186147,137800,Defective Product,Store Credit,Completed
741,RET000741,15921,41944,78,1265,20240427,1,491700,491700,0,54087,545787,407900,Expired Product,E-Wallet,Completed
742,RET000742,15921,41945,644,10561,20240427,1,180100,180100,0,19811,199911,145900,Quality Issue,E-Wallet,Completed
743,RET000743,19121,50423,217,3558,20241030,1,157700,157700,0,0,157700,125900,Defective Product,Bank Transfer,Completed
744,RET000744,19121,50425,135,2215,20241030,7,75700,529900,0,58289,588189,54400,Wrong Item Sent,E-Wallet,Completed
745,RET000745,48669,128322,678,11105,20230321,4,2447700,9790800,489540,1023138,10324398,1747100,Expired Product,Voucher,Completed
746,RET000746,27980,73755,817,13410,20230512,1,2827700,2827700,0,311047,3138747,1926000,Customer Changed Mind,Store Credit,Completed
747,RET000747,49735,131107,823,13508,20230822,1,292400,292400,0,32164,324564,216900,Damaged Product,Bank Transfer,Completed
748,RET000748,49735,131108,4,66,20230822,1,1498600,1498600,0,164846,1663446,1042500,Damaged Product,Bank Transfer,Completed
749,RET000749,49735,131109,759,12463,20230822,1,93800,93800,14070,8770,88500,73700,Defective Product,Store Credit,Completed
750,RET000750,7713,20422,239,3902,20221115,1,488500,488500,0,53735,542235,325700,Defective Product,E-Wallet,Completed
751,RET000751,31360,82748,251,4094,20230717,5,16500,82500,0,9075,91575,12400,Damaged Product,Cash,Completed
752,RET000752,31360,82749,497,8123,20230717,1,342700,342700,0,37697,380397,259500,Customer Changed Mind,Bank Transfer,Completed
753,RET000753,31360,82750,627,10264,20230717,4,44100,176400,0,0,176400,39900,Customer Changed Mind,Voucher,Completed
754,RET000754,32590,86035,974,15942,20241114,1,415600,415600,0,45716,461316,297900,Duplicate Order,Cash,Completed
755,RET000755,9492,25081,225,3678,20230907,2,161600,323200,0,0,323200,126900,Wrong Item Sent,E-Wallet,Completed
756,RET000756,19576,51651,155,2557,20220920,3,47400,142200,0,15642,157842,31700,Defective Product,Cash,Completed
757,RET000757,1192,3217,466,7589,20250605,8,28800,230400,0,25344,255744,22900,Damaged Product,E-Wallet,Completed
758,RET000758,1192,3219,350,5701,20250605,1,1722200,1722200,86110,179969,1816059,1168300,Quality Issue,Bank Transfer,Completed
759,RET000759,10716,28357,766,12588,20230126,2,3919100,7838200,0,862202,8700402,2933900,Defective Product,E-Wallet,Completed
760,RET000760,10716,28359,144,2374,20230126,3,345200,1035600,0,113916,1149516,253000,Wrong Item Sent,Cash,Completed
761,RET000761,8567,22625,257,4197,20220517,1,2350300,2350300,117515,245606,2478391,1889000,Damaged Product,Cash,Completed
762,RET000762,35072,92463,529,8655,20230527,4,11400,45600,0,5016,50616,9700,Defective Product,Cash,Completed
763,RET000763,6773,17969,100,1641,20230814,4,562000,2248000,0,247280,2495280,396900,Damaged Product,Bank Transfer,Pending
764,RET000764,6773,17970,441,7181,20230814,1,14338400,14338400,0,1577224,15915624,12390000,Damaged Product,Cash,Completed
765,RET000765,34845,91916,58,945,20260301,2,5425100,10850200,10000,1192422,12032622,4425800,Customer Changed Mind,Voucher,Completed
766,RET000766,34845,91917,304,4944,20260301,1,856500,856500,3333,93848,947015,701000,Customer Changed Mind,Store Credit,Completed
767,RET000767,26902,70900,940,15389,20260202,3,1504400,4513200,10000,495352,4998552,999100,Damaged Product,E-Wallet,Completed
768,RET000768,44901,118320,530,8675,20250622,5,2024900,10124500,0,1113695,11238195,1276800,Customer Changed Mind,Cash,Completed
769,RET000769,25903,68238,704,11539,20240101,3,251200,753600,0,82896,836496,193100,Incorrect Size,E-Wallet,Completed
770,RET000770,25903,68239,892,14636,20240101,3,1727000,5181000,0,569910,5750910,1269400,Defective Product,Voucher,Completed
771,RET000771,33335,88023,176,2916,20250213,1,254800,254800,0,28028,282828,187700,Wrong Item Sent,Store Credit,Completed
772,RET000772,33335,88024,448,7296,20250213,4,968900,3875600,193780,405000,4086820,705900,Customer Changed Mind,E-Wallet,Rejected
773,RET000773,8291,21912,476,7764,20220328,1,143800,143800,7190,15027,151637,119100,Customer Changed Mind,E-Wallet,Completed
774,RET000774,1165,3145,747,12267,20230109,1,665400,665400,0,73194,738594,422300,Quality Issue,Bank Transfer,Completed
775,RET000775,1165,3146,600,9822,20230109,1,163400,163400,0,0,163400,128000,Late Delivery,Cash,Completed
776,RET000776,15653,41213,395,6416,20241030,1,118100,118100,0,12991,131091,96000,Customer Changed Mind,E-Wallet,Pending
777,RET000777,29765,78480,689,11280,20251016,3,668600,2005800,0,220638,2226438,501600,Damaged Product,Bank Transfer,Completed
778,RET000778,27374,72177,856,14024,20221226,5,355800,1779000,88950,185905,1875955,229000,Incorrect Size,Store Credit,Completed
779,RET000779,879,2376,666,10914,20220207,3,842200,2526600,0,277926,2804526,526900,Expired Product,Voucher,Completed
780,RET000780,17243,45395,651,10667,20231116,1,48600,48600,0,0,48600,43400,Quality Issue,Cash,Completed
781,RET000781,38492,101337,443,7205,20250123,2,293800,587600,10000,63536,641136,235600,Customer Changed Mind,E-Wallet,Completed
782,RET000782,38492,101339,650,10648,20250123,3,574800,1724400,7500,188859,1905759,421200,Wrong Item Sent,Bank Transfer,Completed
783,RET000783,38492,101341,346,5629,20250123,2,140700,281400,4000,0,277400,107900,Expired Product,Voucher,Completed
784,RET000784,43187,113786,898,14730,20250515,1,6654500,6654500,150000,715495,7219995,5517900,Customer Changed Mind,Cash,Completed
785,RET000785,43187,113787,178,2950,20250515,2,301100,602200,60000,59642,601842,224100,Damaged Product,Bank Transfer,Completed
786,RET000786,25035,66007,154,2547,20250127,2,977100,1954200,0,214962,2169162,706900,Damaged Product,E-Wallet,Completed
787,RET000787,33573,88623,536,8764,20240413,1,8478200,8478200,0,932602,9410802,6597000,Quality Issue,Voucher,Rejected
788,RET000788,45963,121136,839,13756,20241117,2,1576300,3152600,0,346786,3499386,1024500,Incorrect Size,E-Wallet,Completed
789,RET000789,45963,121137,27,434,20241117,1,314700,314700,0,34617,349317,203600,Wrong Item Sent,Bank Transfer,Completed
790,RET000790,45222,119122,848,13907,20240315,1,397800,397800,0,43758,441558,300600,Customer Changed Mind,Cash,Completed
791,RET000791,8455,22335,266,4336,20260126,1,19193500,19193500,0,2111285,21304785,16346100,Defective Product,Cash,Completed
792,RET000792,8455,22336,6,93,20260126,1,6990300,6990300,0,768933,7759233,5820400,Customer Changed Mind,E-Wallet,Completed
793,RET000793,8455,22338,530,8669,20260126,1,2024900,2024900,0,222739,2247639,1276800,Customer Changed Mind,Cash,Completed
794,RET000794,8455,22340,737,12097,20260126,2,171700,343400,0,37774,381174,142300,Defective Product,Cash,Completed
795,RET000795,45326,119432,498,8144,20241228,14,55700,779800,0,85778,865578,39800,Late Delivery,Bank Transfer,Completed
796,RET000796,24637,64915,624,10218,20250814,1,3598200,3598200,10000,394702,3982902,2551700,Damaged Product,E-Wallet,Completed
797,RET000797,2939,7882,27,432,20250907,1,314700,314700,0,34617,349317,203600,Quality Issue,Cash,Completed
798,RET000798,28265,74483,277,4500,20260615,1,1293400,1293400,6250,141586,1428736,968400,Defective Product,Bank Transfer,Completed
799,RET000799,29342,77386,629,10299,20230409,3,1967400,5902200,0,649242,6551442,1312500,Defective Product,E-Wallet,Completed
800,RET000800,32657,86216,593,9717,20231115,2,3481400,6962800,0,765908,7728708,3187300,Damaged Product,E-Wallet,Completed
801,RET000801,11579,30559,548,8968,20230929,3,1027800,3083400,0,339174,3422574,662600,Quality Issue,E-Wallet,Completed
802,RET000802,19591,51688,376,6113,20250511,3,1287000,3861000,0,424710,4285710,823000,Incorrect Size,Bank Transfer,Completed
803,RET000803,11052,29188,17,280,20240401,3,3288300,9864900,0,1085139,10950039,2370400,Damaged Product,Store Credit,Completed
804,RET000804,11052,29189,781,12838,20240401,1,11671200,11671200,0,1283832,12955032,9821200,Damaged Product,Bank Transfer,Completed
805,RET000805,33892,89451,603,9863,20260630,1,9254800,9254800,0,1018028,10272828,7829200,Damaged Product,E-Wallet,Completed
806,RET000806,33892,89452,147,2426,20260630,1,9452800,9452800,0,1039808,10492608,7537900,Incorrect Size,E-Wallet,Completed
807,RET000807,25498,67194,371,6031,20250419,1,4257300,4257300,0,468303,4725603,3330900,Wrong Item Sent,Cash,Completed
808,RET000808,25498,67195,616,10089,20250419,1,412100,412100,0,45331,457431,306500,Damaged Product,Store Credit,Completed
809,RET000809,46752,123231,673,11022,20240811,3,2867900,8603700,430185,899086,9072601,1838200,Customer Changed Mind,E-Wallet,Completed
810,RET000810,46752,123234,796,13072,20240811,1,2502900,2502900,0,275319,2778219,1876400,Customer Changed Mind,Voucher,Completed
811,RET000811,24159,63712,700,11465,20260127,3,13000,39000,0,0,39000,11100,Damaged Product,E-Wallet,Completed
812,RET000812,24159,63714,576,9449,20260127,1,5012600,5012600,0,551386,5563986,4169400,Damaged Product,E-Wallet,Pending
813,RET000813,16772,44221,55,898,20221004,1,236400,236400,0,26004,262404,174900,Wrong Item Sent,E-Wallet,Completed
814,RET000814,16772,44223,799,13117,20221004,3,474700,1424100,0,156651,1580751,363200,Wrong Item Sent,E-Wallet,Completed
815,RET000815,16772,44224,273,4450,20221004,2,1683500,3367000,0,370370,3737370,1320900,Defective Product,Bank Transfer,Completed
816,RET000816,16772,44225,958,15684,20221004,3,831400,2494200,0,274362,2768562,616800,Quality Issue,Bank Transfer,Completed
817,RET000817,45116,118849,356,5794,20230513,3,95200,285600,0,0,285600,82400,Customer Changed Mind,E-Wallet,Completed
818,RET000818,45116,118851,107,1745,20230513,2,2345800,4691600,0,516076,5207676,1725400,Damaged Product,E-Wallet,Pending
819,RET000819,15474,40748,682,11171,20230715,1,6375400,6375400,0,701294,7076694,4724000,Defective Product,Bank Transfer,Completed
820,RET000820,47364,124866,268,4366,20220818,1,6638500,6638500,0,730235,7368735,5762800,Damaged Product,Bank Transfer,Completed
821,RET000821,18973,50037,51,838,20260120,6,148500,891000,0,98010,989010,98400,Expired Product,Cash,Completed
822,RET000822,23556,62120,990,16193,20240708,4,227700,910800,0,100188,1010988,173500,Customer Changed Mind,Cash,Completed
823,RET000823,33584,88650,244,3982,20241031,1,1017500,1017500,0,111925,1129425,786300,Defective Product,E-Wallet,Completed
824,RET000824,29421,77579,430,6994,20260713,1,6967800,6967800,150000,749958,7567758,6279200,Expired Product,Voucher,Completed
825,RET000825,27475,72451,217,3558,20241217,3,157700,473100,23655,0,449445,125900,Damaged Product,E-Wallet,Pending
826,RET000826,35014,92316,460,7490,20240611,3,698400,2095200,0,230472,2325672,516400,Customer Changed Mind,Bank Transfer,Completed
827,RET000827,14875,39187,757,12425,20230122,1,2996000,2996000,0,329560,3325560,1910100,Defective Product,Store Credit,Completed
828,RET000828,20256,53402,773,12695,20250430,1,1563000,1563000,0,171930,1734930,1252300,Damaged Product,E-Wallet,Completed
829,RET000829,21255,56074,214,3511,20241031,1,570200,570200,57020,56449,569629,434500,Damaged Product,Store Credit,Completed
830,RET000830,13568,35747,932,15265,20231010,2,500400,1000800,50040,104583,1055343,364600,Expired Product,Cash,Completed
831,RET000831,6439,17086,458,7447,20231003,1,89800,89800,4490,0,85310,79300,Expired Product,E-Wallet,Completed
832,RET000832,6439,17087,351,5707,20231003,2,447500,895000,44750,93527,943777,307400,Expired Product,Bank Transfer,Completed
833,RET000833,39316,103551,910,14898,20240221,1,6896500,6896500,0,758615,7655115,6130800,Quality Issue,E-Wallet,Completed
834,RET000834,39316,103553,768,12609,20240221,2,49400,98800,0,10868,109668,36400,Defective Product,E-Wallet,Completed
835,RET000835,44748,117918,132,2176,20260511,3,300800,902400,0,99264,1001664,240300,Incorrect Size,Bank Transfer,Completed
836,RET000836,44748,117919,658,10794,20260511,4,17700,70800,0,7788,78588,13300,Duplicate Order,E-Wallet,Rejected
837,RET000837,46965,123793,759,12462,20240921,3,93800,281400,0,30954,312354,73700,Incorrect Size,E-Wallet,Completed
838,RET000838,46965,123794,204,3352,20240921,1,225000,225000,0,24750,249750,165900,Incorrect Size,E-Wallet,Completed
839,RET000839,46965,123798,626,10256,20240921,1,17194100,17194100,859705,1796783,18131178,14936100,Customer Changed Mind,E-Wallet,Pending
840,RET000840,46965,123799,681,11160,20240921,1,4046300,4046300,0,445093,4491393,3033200,Late Delivery,Cash,Completed
841,RET000841,14291,37668,870,14279,20251003,1,51400,51400,0,5654,57054,36400,Customer Changed Mind,Store Credit,Completed
842,RET000842,47965,126401,969,15859,20221219,1,836000,836000,0,91960,927960,666200,Late Delivery,E-Wallet,Completed
843,RET000843,23795,62719,633,10377,20260215,1,834200,834200,0,91762,925962,548700,Damaged Product,Bank Transfer,Completed
844,RET000844,23795,62722,690,11309,20260215,1,396300,396300,0,43593,439893,282600,Incorrect Size,Store Credit,Completed
845,RET000845,23795,62723,810,13299,20260215,3,14400,43200,0,4752,47952,11700,Quality Issue,E-Wallet,Completed
846,RET000846,39876,105006,804,13210,20230328,1,794400,794400,0,87384,881784,548400,Quality Issue,E-Wallet,Pending
847,RET000847,9266,24496,378,6150,20260223,1,2982900,2982900,150000,311619,3144519,2567100,Incorrect Size,Voucher,Completed
848,RET000848,21012,55411,477,7783,20250613,3,43100,129300,0,14223,143523,30600,Incorrect Size,Bank Transfer,Completed
849,RET000849,6883,18263,686,11237,20260720,1,418600,418600,150000,29546,298146,347200,Damaged Product,E-Wallet,Completed
850,RET000850,5084,13547,869,14252,20230120,1,807700,807700,0,88847,896547,569200,Late Delivery,Cash,Completed
851,RET000851,22464,59254,497,8137,20221019,1,342700,342700,0,37697,380397,259500,Customer Changed Mind,Bank Transfer,Completed
852,RET000852,22464,59257,544,8902,20221019,1,9812700,9812700,981270,971457,9802887,8702500,Wrong Item Sent,E-Wallet,Completed
853,RET000853,17558,46256,851,13951,20231208,1,994800,994800,0,109428,1104228,705100,Defective Product,E-Wallet,Completed
854,RET000854,42850,112856,627,10269,20220408,5,44100,220500,0,0,220500,39900,Customer Changed Mind,Bank Transfer,Completed
855,RET000855,47030,123987,770,12659,20260129,4,44000,176000,35200,15488,156288,32300,Customer Changed Mind,Bank Transfer,Completed
856,RET000856,39190,103172,836,13714,20260530,4,74500,298000,0,32780,330780,52800,Damaged Product,Cash,Completed
857,RET000857,39190,103173,993,16239,20260530,2,46000,92000,0,0,92000,39000,Quality Issue,E-Wallet,Completed
858,RET000858,39190,103174,564,9254,20260530,1,207500,207500,2500,22550,227550,147700,Damaged Product,Bank Transfer,Completed
859,RET000859,45911,120999,757,12424,20250422,4,2996000,11984000,0,1318240,13302240,1910100,Late Delivery,E-Wallet,Completed
860,RET000860,44329,116838,717,11755,20250223,3,346100,1038300,75000,105963,1069263,237400,Damaged Product,Cash,Completed
861,RET000861,12433,32766,523,8552,20240714,1,3218200,3218200,0,354002,3572202,2286500,Customer Changed Mind,Voucher,Completed
862,RET000862,12433,32769,638,10456,20240714,3,51200,153600,0,0,153600,45700,Customer Changed Mind,Bank Transfer,Completed
863,RET000863,12433,32770,223,3648,20240714,1,535800,535800,0,58938,594738,363800,Duplicate Order,Voucher,Completed
864,RET000864,26945,71004,224,3666,20230108,1,4246100,4246100,0,467071,4713171,3399900,Late Delivery,Bank Transfer,Completed
865,RET000865,26945,71006,56,912,20230108,1,3217400,3217400,0,353914,3571314,2400400,Defective Product,Voucher,Completed
866,RET000866,49226,129805,28,450,20231220,1,57000,57000,0,0,57000,49600,Damaged Product,E-Wallet,Completed
867,RET000867,937,2536,945,15474,20250624,4,215900,863600,0,0,863600,168600,Quality Issue,Cash,Completed
868,RET000868,937,2538,926,15163,20250624,1,11559300,11559300,0,1271523,12830823,9183000,Quality Issue,Store Credit,Completed
869,RET000869,20372,53719,444,7218,20230831,1,3636900,3636900,0,400059,4036959,2615500,Quality Issue,Bank Transfer,Completed
870,RET000870,20372,53720,729,11949,20230831,2,76500,153000,0,16830,169830,60600,Customer Changed Mind,Voucher,Completed
871,RET000871,20372,53721,484,7886,20230831,1,406600,406600,20330,42489,428759,324100,Customer Changed Mind,Cash,Completed
872,RET000872,7884,20842,737,12100,20220810,1,171700,171700,0,18887,190587,142300,Wrong Item Sent,Voucher,Completed
873,RET000873,7867,20797,199,3278,20260718,2,2767200,5534400,0,608784,6143184,2041600,Customer Changed Mind,Cash,Pending
874,RET000874,39273,103419,144,2372,20231010,2,345200,690400,34520,72146,728026,253000,Duplicate Order,Bank Transfer,Completed
875,RET000875,39273,103420,458,7452,20231010,6,89800,538800,0,0,538800,79300,Customer Changed Mind,E-Wallet,Completed
876,RET000876,17933,47199,264,4306,20220518,1,77300,77300,0,0,77300,66100,Customer Changed Mind,E-Wallet,Completed
877,RET000877,590,1610,306,4984,20241216,1,2033500,2033500,5000,223135,2251635,1324300,Wrong Item Sent,E-Wallet,Completed
878,RET000878,17290,45519,874,14341,20231113,1,3052900,3052900,0,335819,3388719,2409500,Quality Issue,Store Credit,Completed
879,RET000879,23831,62827,544,8888,20231001,1,9812700,9812700,0,1079397,10892097,8702500,Expired Product,Bank Transfer,Completed
880,RET000880,3958,10558,629,10305,20250702,2,1967400,3934800,0,432828,4367628,1312500,Damaged Product,Bank Transfer,Completed
881,RET000881,3958,10559,913,14952,20250702,3,2961200,8883600,0,977196,9860796,2136800,Customer Changed Mind,Store Credit,Completed
882,RET000882,41722,109911,69,1125,20241108,3,532700,1598100,7499,174966,1765567,383900,Wrong Item Sent,Voucher,Completed
883,RET000883,41722,109912,335,5449,20241108,1,207100,207100,10000,21681,218781,152800,Late Delivery,Store Credit,Completed
884,RET000884,11445,30212,442,7183,20240603,1,20819600,20819600,0,2290156,23109756,17714200,Expired Product,Bank Transfer,Completed
885,RET000885,11445,30213,486,7916,20240603,1,1176800,1176800,0,129448,1306248,853200,Duplicate Order,Store Credit,Completed
886,RET000886,36182,95364,622,10188,20260708,2,468400,936800,100000,92048,928848,332400,Late Delivery,Voucher,Completed
887,RET000887,5821,15512,213,3501,20251108,5,16900,84500,4225,8830,89105,12400,Customer Changed Mind,E-Wallet,Completed
888,RET000888,5995,15949,881,14461,20250106,3,487600,1462800,0,160908,1623708,350500,Defective Product,Voucher,Pending
889,RET000889,5995,15953,76,1241,20250106,3,1825700,5477100,0,602481,6079581,1408700,Expired Product,Bank Transfer,Completed
890,RET000890,46969,123809,877,14399,20231006,4,12100,48400,0,5324,53724,10100,Customer Changed Mind,Cash,Pending
891,RET000891,46969,123810,467,7605,20231006,1,1671400,1671400,0,183854,1855254,1061200,Customer Changed Mind,Store Credit,Rejected
892,RET000892,35159,92690,72,1170,20220128,2,474900,949800,94980,94030,948850,363800,Defective Product,E-Wallet,Completed
893,RET000893,20209,53277,359,5837,20220925,1,3997600,3997600,0,439736,4437336,3180300,Wrong Item Sent,E-Wallet,Completed
894,RET000894,15281,40255,831,13642,20240504,1,1728700,1728700,0,190157,1918857,1165200,Quality Issue,Voucher,Completed
895,RET000895,38703,101937,451,7343,20220607,1,2296200,2296200,114810,239952,2421342,1755000,Wrong Item Sent,Bank Transfer,Completed
896,RET000896,38703,101938,891,14617,20220607,5,661800,3309000,165450,345790,3489340,492500,Expired Product,Bank Transfer,Pending
897,RET000897,29304,77272,511,8354,20250904,3,208500,625500,7500,67980,685980,158800,Expired Product,Voucher,Completed
898,RET000898,29304,77274,821,13471,20250904,1,1291900,1291900,10000,141009,1422909,893800,Defective Product,Bank Transfer,Completed
899,RET000899,41397,109077,311,5065,20230212,4,1355300,5421200,0,596332,6017532,903200,Expired Product,E-Wallet,Completed
900,RET000900,45131,118897,284,4623,20231125,1,99400,99400,0,10934,110334,82600,Late Delivery,E-Wallet,Completed
901,RET000901,45131,118898,597,9778,20231125,2,353000,706000,0,77660,783660,233200,Customer Changed Mind,Voucher,Completed
902,RET000902,45131,118899,225,3684,20231125,2,161600,323200,0,0,323200,126900,Expired Product,E-Wallet,Completed
903,RET000903,7301,19359,609,9965,20240523,2,1619700,3239400,0,356334,3595734,1245800,Customer Changed Mind,Cash,Completed
904,RET000904,7301,19361,104,1695,20240523,3,7800,23400,0,2574,25974,6500,Customer Changed Mind,Voucher,Completed
905,RET000905,26049,68610,47,764,20250930,8,46000,368000,0,40480,408480,39400,Customer Changed Mind,Voucher,Completed
906,RET000906,40457,106534,950,15546,20260307,7,47400,331800,19444,34359,346715,40900,Customer Changed Mind,Bank Transfer,Completed
907,RET000907,1483,4029,997,16306,20260128,2,83100,166200,0,18282,184482,60600,Damaged Product,E-Wallet,Completed
908,RET000908,34619,91345,735,12064,20250815,5,90700,453500,0,49885,503385,70700,Quality Issue,Bank Transfer,Completed
909,RET000909,41565,109514,28,453,20240402,4,57000,228000,0,0,228000,49600,Damaged Product,Cash,Completed
910,RET000910,41565,109517,821,13472,20240402,2,1291900,2583800,258380,255796,2581216,893800,Expired Product,Cash,Completed
911,RET000911,25482,67153,635,10405,20250117,1,2673300,2673300,133665,279359,2818994,2171100,Wrong Item Sent,E-Wallet,Completed
912,RET000912,25482,67155,516,8441,20250117,1,941800,941800,0,103598,1045398,746600,Wrong Item Sent,Store Credit,Completed
913,RET000913,29524,77842,765,12559,20260422,2,1478200,2956400,295640,292683,2953443,1110600,Customer Changed Mind,E-Wallet,Completed
914,RET000914,47424,124997,695,11373,20260512,3,85100,255300,56250,0,199050,69400,Damaged Product,E-Wallet,Completed
915,RET000915,47424,124998,844,13836,20260512,1,304200,304200,75000,25212,254412,198400,Late Delivery,Store Credit,Completed
916,RET000916,47424,125000,146,2405,20260512,6,41700,250200,45000,22572,227772,35700,Quality Issue,Store Credit,Pending
917,RET000917,47424,125001,720,11800,20260512,2,109500,219000,50000,0,169000,85700,Customer Changed Mind,Bank Transfer,Completed
918,RET000918,41222,108590,484,7888,20241016,1,406600,406600,0,44726,451326,324100,Quality Issue,E-Wallet,Completed
919,RET000919,49835,131374,933,15278,20250714,1,1390200,1390200,0,152922,1543122,1148800,Quality Issue,E-Wallet,Completed
920,RET000920,31569,83322,569,9340,20221008,1,683400,683400,34170,71415,720645,545600,Damaged Product,Bank Transfer,Completed
921,RET000921,15896,41879,966,15822,20230513,1,1229000,1229000,0,135190,1364190,787500,Customer Changed Mind,Store Credit,Completed
922,RET000922,3574,9580,637,10439,20230617,1,5090600,5090600,0,559966,5650566,4325100,Late Delivery,Bank Transfer,Completed
923,RET000923,3574,9581,95,1555,20230617,1,41500,41500,0,4565,46065,31600,Damaged Product,Store Credit,Completed
924,RET000924,13927,36710,997,16312,20260130,4,83100,332400,0,36564,368964,60600,Incorrect Size,Cash,Completed
925,RET000925,13927,36711,304,4952,20260130,1,856500,856500,0,94215,950715,701000,Incorrect Size,E-Wallet,Completed
926,RET000926,27526,72585,841,13786,20250426,1,148900,148900,0,0,148900,121200,Quality Issue,Bank Transfer,Completed
927,RET000927,19230,50703,988,16167,20240415,2,991700,1983400,0,218174,2201574,676400,Defective Product,E-Wallet,Completed
928,RET000928,47572,125353,847,13898,20220420,1,1953000,1953000,97650,204088,2059438,1535000,Customer Changed Mind,Bank Transfer,Completed
929,RET000929,40516,106681,551,9027,20220601,3,876200,2628600,0,289146,2917746,559100,Defective Product,Store Credit,Completed
930,RET000930,20318,53575,874,14350,20240523,1,3052900,3052900,152645,319028,3219283,2409500,Customer Changed Mind,Store Credit,Rejected
931,RET000931,20318,53576,131,2152,20240523,1,2216700,2216700,110835,231645,2337510,1594400,Incorrect Size,E-Wallet,Completed
932,RET000932,16692,43985,91,1491,20250328,2,448000,896000,66666,91226,920560,302900,Customer Changed Mind,Bank Transfer,Completed
933,RET000933,16692,43986,245,4010,20250328,1,6910000,6910000,100000,749100,7559100,5695100,Expired Product,Store Credit,Completed
934,RET000934,24809,65365,671,10989,20241029,2,42400,84800,0,9328,94128,35400,Damaged Product,Voucher,Completed
935,RET000935,32561,85953,78,1266,20220723,3,491700,1475100,0,162261,1637361,407900,Customer Changed Mind,Bank Transfer,Completed
936,RET000936,43905,115673,876,14373,20250924,1,8103300,8103300,0,891363,8994663,6239600,Customer Changed Mind,Cash,Completed
937,RET000937,29389,77507,923,15105,20260601,1,179700,179700,0,19767,199467,124600,Customer Changed Mind,E-Wallet,Completed
938,RET000938,10572,27974,13,217,20240412,2,15600,31200,0,0,31200,11700,Quality Issue,Cash,Completed
939,RET000939,10572,27975,385,6256,20240412,1,4978500,4978500,248925,520253,5249828,4288900,Defective Product,Bank Transfer,Completed
940,RET000940,7337,19437,77,1252,20231204,3,306900,920700,0,101277,1021977,219200,Quality Issue,Store Credit,Completed
941,RET000941,7337,19439,745,12234,20231204,2,1414500,2829000,0,311190,3140190,927000,Customer Changed Mind,Bank Transfer,Completed
942,RET000942,7337,19440,509,8329,20231204,3,322700,968100,0,106491,1074591,243400,Late Delivery,Bank Transfer,Completed
943,RET000943,22785,60103,746,12254,20240924,1,4128400,4128400,0,454124,4582524,3234900,Customer Changed Mind,E-Wallet,Completed
944,RET000944,45907,120992,752,12341,20230722,2,13400,26800,0,2948,29748,11400,Quality Issue,E-Wallet,Completed
945,RET000945,9463,24999,237,3871,20240428,1,8370800,8370800,0,920788,9291588,7099900,Wrong Item Sent,Bank Transfer,Completed
946,RET000946,9463,25002,213,3502,20240428,1,16900,16900,0,1859,18759,12400,Defective Product,Cash,Completed
947,RET000947,9463,25003,281,4574,20240428,1,5989900,5989900,0,658889,6648789,4927300,Customer Changed Mind,E-Wallet,Completed
948,RET000948,33690,88922,889,14582,20230706,3,199400,598200,0,0,598200,163600,Damaged Product,Bank Transfer,Completed
949,RET000949,33690,88926,364,5922,20230706,1,5324700,5324700,0,585717,5910417,4238400,Defective Product,Store Credit,Completed
950,RET000950,1218,3288,623,10204,20240721,1,910100,910100,0,100111,1010211,656700,Damaged Product,E-Wallet,Completed
951,RET000951,1218,3289,926,15155,20240721,2,11559300,23118600,0,2543046,25661646,9183000,Damaged Product,E-Wallet,Completed
952,RET000952,18779,49508,539,8803,20220701,1,5383800,5383800,0,592218,5976018,4155100,Wrong Item Sent,Voucher,Completed
953,RET000953,18779,49509,893,14638,20220701,3,136200,408600,0,44946,453546,104900,Damaged Product,Store Credit,Completed
954,RET000954,16511,43500,297,4827,20220914,1,1597800,1597800,0,175758,1773558,1379400,Customer Changed Mind,Store Credit,Completed
955,RET000955,14311,37716,683,11187,20240313,2,464800,929600,0,102256,1031856,338800,Quality Issue,Store Credit,Completed
956,RET000956,14311,37718,263,4289,20240313,2,3316900,6633800,0,729718,7363518,2433400,Customer Changed Mind,Bank Transfer,Completed
957,RET000957,14311,37719,142,2334,20240313,5,579600,2898000,0,318780,3216780,416000,Incorrect Size,Bank Transfer,Completed
958,RET000958,40549,106777,217,3562,20231106,1,157700,157700,0,0,157700,125900,Defective Product,Bank Transfer,Completed
959,RET000959,31098,82021,315,5127,20220330,1,1766800,1766800,176680,174913,1765033,1468400,Quality Issue,Store Credit,Completed
960,RET000960,26393,69499,370,6012,20220305,1,12476400,12476400,0,1372404,13848804,9972900,Incorrect Size,Bank Transfer,Completed
961,RET000961,48057,126662,448,7289,20221204,1,968900,968900,0,106579,1075479,705900,Damaged Product,Cash,Completed
962,RET000962,44139,116324,642,10530,20240429,1,324700,324700,0,35717,360417,248600,Damaged Product,Store Credit,Completed
963,RET000963,44139,116325,942,15426,20240429,1,1331900,1331900,66595,139183,1404488,1003800,Defective Product,E-Wallet,Pending
964,RET000964,29688,78264,986,16132,20220927,1,1724600,1724600,0,189706,1914306,1351700,Customer Changed Mind,Store Credit,Completed
965,RET000965,35976,94835,223,3644,20260608,2,535800,1071600,53580,111982,1130002,363800,Damaged Product,Cash,Completed
966,RET000966,35976,94836,546,8925,20260608,3,42500,127500,0,0,127500,35600,Customer Changed Mind,Cash,Completed
967,RET000967,35976,94837,888,14554,20260608,3,43200,129600,0,14256,143856,34000,Wrong Item Sent,Bank Transfer,Completed
968,RET000968,44033,116025,283,4594,20230204,1,84700,84700,4235,8851,89316,69400,Wrong Item Sent,Bank Transfer,Completed
969,RET000969,42525,112007,993,16240,20260119,1,46000,46000,0,0,46000,39000,Duplicate Order,Voucher,Completed
970,RET000970,41463,109249,558,9153,20230827,2,752000,1504000,0,165440,1669440,555600,Damaged Product,Bank Transfer,Completed
971,RET000971,10146,26823,345,5615,20241103,1,86500,86500,0,0,86500,65000,Defective Product,Bank Transfer,Completed
972,RET000972,10146,26824,146,2409,20241103,1,41700,41700,4170,4128,41658,35700,Customer Changed Mind,Bank Transfer,Completed
973,RET000973,24126,63623,252,4124,20260424,1,15592700,15592700,0,1715197,17307897,13298600,Defective Product,Store Credit,Completed
974,RET000974,653,1757,126,2061,20220902,1,2477700,2477700,0,272547,2750247,1822800,Quality Issue,E-Wallet,Completed
975,RET000975,653,1758,524,8567,20220902,1,14546700,14546700,727335,1520130,15339495,12220400,Late Delivery,Bank Transfer,Completed
976,RET000976,3126,8381,255,4172,20240219,2,961800,1923600,0,211596,2135196,769300,Damaged Product,E-Wallet,Completed
977,RET000977,11006,29069,777,12764,20220802,4,885000,3540000,0,389400,3929400,659800,Customer Changed Mind,E-Wallet,Completed
978,RET000978,11006,29071,509,8316,20220802,2,322700,645400,0,70994,716394,243400,Quality Issue,Store Credit,Completed
979,RET000979,11006,29072,243,3960,20220802,1,2516400,2516400,125820,262963,2653543,1658400,Defective Product,E-Wallet,Completed
980,RET000980,12494,32924,273,4448,20230521,2,1683500,3367000,168350,351851,3550501,1320900,Late Delivery,E-Wallet,Completed
981,RET000981,31582,83363,648,10613,20240226,1,3499100,3499100,174955,365655,3689800,2635500,Damaged Product,E-Wallet,Completed
982,RET000982,47707,125699,714,11713,20240917,1,7486900,7486900,0,823559,8310459,5931900,Damaged Product,Bank Transfer,Completed
983,RET000983,32722,86385,184,3037,20260608,1,23474400,23474400,150000,2565684,25890084,19989200,Defective Product,E-Wallet,Completed
984,RET000984,22012,58054,559,9173,20230128,1,646300,646300,0,71093,717393,426200,Expired Product,Voucher,Completed
985,RET000985,40471,106565,762,12515,20221110,1,36200,36200,0,3982,40182,29300,Damaged Product,E-Wallet,Completed
986,RET000986,40471,106567,90,1471,20221110,1,165500,165500,24825,0,140675,125300,Quality Issue,Bank Transfer,Completed
987,RET000987,28191,74291,501,8185,20260407,5,92500,462500,0,0,462500,79500,Defective Product,Voucher,Completed
988,RET000988,33038,87247,462,7512,20260116,2,4891100,9782200,10000,1074942,10847142,4027700,Wrong Item Sent,Voucher,Completed
989,RET000989,16463,43398,354,5763,20250412,1,5689600,5689600,0,625856,6315456,4889300,Wrong Item Sent,Bank Transfer,Completed
990,RET000990,10798,28559,372,6051,20231109,1,4069400,4069400,0,447634,4517034,2904700,Incorrect Size,Bank Transfer,Completed
991,RET000991,10798,28562,688,11274,20231109,1,316800,316800,0,34848,351648,258600,Quality Issue,Store Credit,Completed
992,RET000992,15876,41826,29,477,20220923,1,54200,54200,0,5962,60162,40300,Incorrect Size,Store Credit,Completed
993,RET000993,15876,41827,137,2248,20220923,7,29900,209300,0,23023,232323,22800,Damaged Product,Bank Transfer,Completed
994,RET000994,25132,66251,652,10684,20250211,1,275500,275500,13775,28789,290514,191400,Expired Product,Bank Transfer,Completed
995,RET000995,49029,129275,605,9895,20250714,3,660900,1982700,0,218097,2200797,527900,Quality Issue,Bank Transfer,Completed
996,RET000996,7170,19014,994,16254,20240817,2,480900,961800,48090,100508,1014218,345500,Defective Product,Bank Transfer,Completed
997,RET000997,25471,67123,253,4142,20250622,1,199900,199900,0,21989,221889,129300,Duplicate Order,E-Wallet,Pending
998,RET000998,25471,67124,200,3297,20250622,2,5397600,10795200,539760,1128098,11383538,4667500,Duplicate Order,Bank Transfer,Completed
999,RET000999,23217,61237,835,13691,20240315,10,67100,671000,0,73810,744810,46600,Damaged Product,Voucher,Completed
1000,RET001000,23217,61238,426,6922,20240315,1,2855000,2855000,0,314050,3169050,2121800,Defective Product,Bank Transfer,Pending
1001,RET001001,5152,13739,224,3663,20250623,1,4246100,4246100,0,467071,4713171,3399900,Defective Product,Store Credit,Completed
1002,RET001002,5152,13742,986,16134,20250623,1,1724600,1724600,86230,180220,1818590,1351700,Damaged Product,Cash,Pending
1003,RET001003,14742,38826,770,12654,20230305,14,44000,616000,30800,64372,649572,32300,Defective Product,Cash,Completed
1004,RET001004,14742,38827,980,16035,20230305,1,760400,760400,0,83644,844044,622600,Customer Changed Mind,Voucher,Completed
1005,RET001005,49492,130446,288,4681,20260621,2,38000,76000,0,8360,84360,29700,Late Delivery,Voucher,Completed
1006,RET001006,49492,130447,971,15883,20260621,1,122300,122300,0,13453,135753,85200,Customer Changed Mind,Voucher,Pending
1007,RET001007,27689,73008,779,12798,20240129,5,168100,840500,42025,87832,886307,118500,Customer Changed Mind,Store Credit,Completed
1008,RET001008,27689,73009,922,15092,20240129,4,1104400,4417600,0,485936,4903536,735200,Quality Issue,Store Credit,Completed
1009,RET001009,27689,73010,290,4718,20240129,8,7800,62400,0,0,62400,7100,Quality Issue,E-Wallet,Completed
1010,RET001010,19128,50445,312,5079,20231206,1,23087800,23087800,0,2539658,25627458,19709800,Customer Changed Mind,E-Wallet,Completed
1011,RET001011,46535,122675,352,5722,20220227,1,1923500,1923500,0,211585,2135085,1659900,Customer Changed Mind,Cash,Completed
1012,RET001012,23581,62180,237,3863,20231113,1,8370800,8370800,0,920788,9291588,7099900,Wrong Item Sent,Cash,Completed
1013,RET001013,23581,62181,225,3681,20231113,1,161600,161600,0,0,161600,126900,Incorrect Size,Store Credit,Completed
1014,RET001014,23581,62182,85,1380,20231113,2,2251500,4503000,0,495330,4998330,1690600,Expired Product,Cash,Completed
1015,RET001015,1013,2718,854,13999,20230923,1,815700,815700,40785,85240,860155,674100,Wrong Item Sent,E-Wallet,Completed
1016,RET001016,46181,121692,280,4555,20221106,5,7400,37000,0,4070,41070,6400,Late Delivery,Voucher,Completed
1017,RET001017,46181,121693,987,16156,20221106,1,416100,416100,0,45771,461871,343200,Wrong Item Sent,Cash,Completed
1018,RET001018,27800,73271,871,14290,20240814,1,528900,528900,26445,55270,557725,386800,Defective Product,E-Wallet,Completed
1019,RET001019,27800,73272,522,8531,20240814,1,458000,458000,0,50380,508380,339400,Customer Changed Mind,Bank Transfer,Completed
1020,RET001020,16765,44198,225,3682,20240430,1,161600,161600,0,0,161600,126900,Defective Product,Bank Transfer,Completed
1021,RET001021,16765,44201,493,8063,20240430,3,3075600,9226800,0,1014948,10241748,2206500,Late Delivery,Store Credit,Completed
1022,RET001022,2186,5913,809,13272,20240430,3,11000,33000,0,3630,36630,8000,Wrong Item Sent,E-Wallet,Completed
1023,RET001023,25671,67638,144,2368,20250619,2,345200,690400,0,75944,766344,253000,Damaged Product,Store Credit,Completed
1024,RET001024,16638,43835,856,14026,20231008,3,355800,1067400,0,117414,1184814,229000,Quality Issue,Cash,Pending
1025,RET001025,20076,52942,347,5641,20260312,1,4327700,4327700,216385,452244,4563559,3460100,Defective Product,E-Wallet,Completed
1026,RET001026,17648,46470,51,826,20230517,4,148500,594000,59400,58806,593406,98400,Quality Issue,Store Credit,Completed
1027,RET001027,17648,46471,951,15563,20230517,1,4538800,4538800,0,499268,5038068,3580800,Wrong Item Sent,E-Wallet,Completed
1028,RET001028,4651,12362,826,13552,20221017,5,51300,256500,12825,26804,270479,39300,Wrong Item Sent,Bank Transfer,Completed
1029,RET001029,20405,53822,586,9600,20231220,1,5945900,5945900,0,654049,6599949,5022700,Customer Changed Mind,Voucher,Completed
1030,RET001030,37338,98354,422,6868,20240710,1,2175200,2175200,0,239272,2414472,1393200,Customer Changed Mind,Bank Transfer,Completed
1031,RET001031,7551,20009,963,15767,20220125,1,22161900,22161900,0,2437809,24599709,19861800,Defective Product,Bank Transfer,Completed
1032,RET001032,7551,20010,356,5796,20220125,4,95200,380800,38080,0,342720,82400,Customer Changed Mind,Voucher,Completed
1033,RET001033,7551,20011,912,14936,20220125,1,6111200,6111200,0,672232,6783432,4867800,Wrong Item Sent,Bank Transfer,Completed
1034,RET001034,7551,20012,168,2775,20220125,1,262300,262300,0,28853,291153,194700,Late Delivery,Bank Transfer,Completed
1035,RET001035,7551,20013,243,3971,20220125,3,2516400,7549200,377460,788891,7960631,1658400,Damaged Product,Cash,Completed
1036,RET001036,32269,85175,354,5751,20260122,1,5689600,5689600,50000,620356,6259956,4889300,Late Delivery,Cash,Rejected
1037,RET001037,13923,36698,350,5702,20240808,1,1722200,1722200,0,189442,1911642,1168300,Defective Product,Cash,Completed
1038,RET001038,13923,36700,708,11611,20240808,1,523900,523900,0,57629,581529,375900,Damaged Product,Store Credit,Completed
1039,RET001039,22016,58060,934,15300,20260522,1,8295900,8295900,0,912549,9208449,6591700,Damaged Product,Bank Transfer,Pending
1040,RET001040,23378,61675,816,13394,20231010,2,39200,78400,0,8624,87024,32000,Damaged Product,E-Wallet,Completed
1041,RET001041,23378,61676,423,6880,20231010,1,756700,756700,0,83237,839937,531100,Customer Changed Mind,Store Credit,Rejected
1042,RET001042,23378,61678,776,12757,20231010,1,2299300,2299300,0,252923,2552223,1485100,Customer Changed Mind,Bank Transfer,Completed
1043,RET001043,23378,61680,519,8490,20231010,1,2950000,2950000,147500,308275,3110775,2683100,Customer Changed Mind,Bank Transfer,Pending
1044,RET001044,39737,104635,652,10685,20220314,1,275500,275500,0,30305,305805,191400,Duplicate Order,Bank Transfer,Completed
1045,RET001045,28793,75922,948,15514,20231002,1,3518400,3518400,0,387024,3905424,2475500,Customer Changed Mind,E-Wallet,Completed
1046,RET001046,27043,71285,914,14959,20220523,1,1787400,1787400,0,196614,1984014,1471800,Expired Product,Voucher,Completed
1047,RET001047,1285,3484,215,3529,20230622,3,510700,1532100,0,168531,1700631,425300,Defective Product,E-Wallet,Completed
1048,RET001048,1285,3485,102,1667,20230622,2,1612700,3225400,161270,337054,3401184,1057200,Defective Product,Voucher,Completed
1049,RET001049,22566,59507,864,14171,20260724,5,95000,475000,0,0,475000,83800,Damaged Product,Cash,Pending
1050,RET001050,22566,59508,311,5058,20260724,1,1355300,1355300,0,149083,1504383,903200,Customer Changed Mind,E-Wallet,Completed
1051,RET001051,46975,123830,342,5557,20250814,2,405800,811600,0,89276,900876,293000,Wrong Item Sent,Bank Transfer,Completed
1052,RET001052,13000,34212,792,13002,20250819,4,206900,827600,0,91036,918636,159200,Wrong Item Sent,Bank Transfer,Completed
1053,RET001053,13000,34213,865,14187,20250819,2,95000,190000,0,0,190000,79900,Damaged Product,Cash,Completed
1054,RET001054,29159,76886,93,1522,20240415,1,9883100,9883100,0,1087141,10970241,7697400,Wrong Item Sent,Cash,Pending
1055,RET001055,29159,76887,459,7471,20240415,2,203900,407800,0,0,407800,157400,Duplicate Order,Bank Transfer,Completed
1056,RET001056,19567,51621,519,8491,20240803,1,2950000,2950000,147500,308275,3110775,2683100,Defective Product,E-Wallet,Completed
1057,RET001057,29712,78323,222,3642,20241101,1,1318800,1318800,0,145068,1463868,1072200,Customer Changed Mind,Cash,Completed
1058,RET001058,10075,26622,871,14299,20221219,3,528900,1586700,79335,165810,1673175,386800,Wrong Item Sent,Bank Transfer,Completed
1059,RET001059,26096,68725,818,13419,20220412,2,2418500,4837000,0,532070,5369070,1787900,Customer Changed Mind,Store Credit,Completed
1060,RET001060,2587,6946,612,10007,20260208,4,350600,1402400,0,154264,1556664,249100,Customer Changed Mind,E-Wallet,Completed
1061,RET001061,2587,6947,853,13975,20260208,5,62400,312000,31200,0,280800,52500,Quality Issue,E-Wallet,Completed
1062,RET001062,2587,6948,60,973,20260208,2,3399000,6798000,0,747780,7545780,2581400,Late Delivery,E-Wallet,Completed
1063,RET001063,38368,101019,662,10843,20220813,1,2259600,2259600,112980,236128,2382748,1728100,Late Delivery,E-Wallet,Completed
1064,RET001064,27832,73353,542,8861,20230116,4,2455500,9822000,491100,1026399,10357299,1555300,Duplicate Order,Store Credit,Completed
1065,RET001065,27832,73354,399,6482,20230116,1,382400,382400,19120,39960,403240,297500,Damaged Product,Store Credit,Completed
1066,RET001066,27832,73355,615,10068,20230116,2,4300200,8600400,0,946044,9546444,3501100,Customer Changed Mind,E-Wallet,Completed
1067,RET001067,27832,73358,783,12869,20230116,2,337600,675200,33760,70558,711998,262000,Damaged Product,Cash,Completed
1068,RET001068,27832,73359,238,3879,20230116,2,2058700,4117400,0,452914,4570314,1322900,Incorrect Size,E-Wallet,Completed
1069,RET001069,45942,121074,600,9818,20230405,1,163400,163400,0,0,163400,128000,Damaged Product,Bank Transfer,Completed
1070,RET001070,39049,102820,37,601,20221111,4,284500,1138000,0,125180,1263180,199900,Quality Issue,Bank Transfer,Completed
1071,RET001071,39049,102821,304,4952,20221111,3,856500,2569500,128475,268512,2709537,701000,Wrong Item Sent,Store Credit,Completed
1072,RET001072,15197,40018,871,14284,20220601,2,528900,1057800,0,116358,1174158,386800,Duplicate Order,E-Wallet,Completed
1073,RET001073,11116,29339,58,949,20220129,1,5425100,5425100,0,596761,6021861,4425800,Wrong Item Sent,Store Credit,Completed
1074,RET001074,39846,104919,652,10693,20220405,3,275500,826500,0,90915,917415,191400,Customer Changed Mind,E-Wallet,Completed
1075,RET001075,14252,37571,109,1768,20240312,2,1013600,2027200,0,222992,2250192,816400,Damaged Product,Store Credit,Completed
1076,RET001076,24818,65386,858,14065,20240423,3,330400,991200,49560,103580,1045220,213200,Damaged Product,Cash,Completed
1077,RET001077,24818,65387,885,14509,20240423,3,902400,2707200,0,297792,3004992,649600,Defective Product,Bank Transfer,Completed
1078,RET001078,35395,93318,956,15646,20221224,4,2733600,10934400,0,1202784,12137184,1848900,Customer Changed Mind,Bank Transfer,Pending
1079,RET001079,35395,93319,927,15179,20221224,1,9451900,9451900,472595,987723,9967028,7273200,Expired Product,Bank Transfer,Completed
1080,RET001080,35395,93320,469,7637,20221224,2,154300,308600,0,0,308600,120300,Wrong Item Sent,Bank Transfer,Completed
1081,RET001081,48343,127414,297,4823,20220423,1,1597800,1597800,79890,166970,1684880,1379400,Damaged Product,Cash,Completed
1082,RET001082,48343,127415,415,6738,20220423,1,318600,318600,0,35046,353646,233300,Customer Changed Mind,Bank Transfer,Completed
1083,RET001083,48343,127417,628,10275,20220423,1,4977800,4977800,0,547558,5525358,3615700,Defective Product,Voucher,Completed
1084,RET001084,26102,68734,913,14945,20240430,1,2961200,2961200,0,325732,3286932,2136800,Defective Product,Voucher,Completed
1085,RET001085,19626,51783,417,6781,20250803,1,636800,636800,0,70048,706848,499100,Wrong Item Sent,Store Credit,Rejected
1086,RET001086,19626,51785,133,2186,20250803,1,16927400,16927400,0,1862014,18789414,15129400,Defective Product,Bank Transfer,Completed
1087,RET001087,27472,72439,868,14245,20220709,1,11084300,11084300,0,1219273,12303573,9409500,Incorrect Size,E-Wallet,Completed
1088,RET001088,27472,72440,399,6488,20220709,1,382400,382400,0,42064,424464,297500,Defective Product,E-Wallet,Completed
1089,RET001089,27472,72441,87,1414,20220709,1,406700,406700,20335,42500,428865,310500,Incorrect Size,E-Wallet,Completed
1090,RET001090,10178,26903,126,2059,20260621,1,2477700,2477700,371655,231664,2337709,1822800,Damaged Product,Cash,Completed
1091,RET001091,33275,87854,923,15103,20221103,1,179700,179700,0,19767,199467,124600,Damaged Product,E-Wallet,Completed
1092,RET001092,9003,23793,46,749,20220416,1,328100,328100,0,36091,364191,246000,Customer Changed Mind,Bank Transfer,Rejected
1093,RET001093,3986,10633,181,2992,20231003,6,21100,126600,0,13926,140526,16900,Incorrect Size,E-Wallet,Completed
1094,RET001094,9357,24728,465,7565,20251221,6,2389900,14339400,0,1577334,15916734,1785400,Defective Product,Store Credit,Completed
1095,RET001095,49957,131711,640,10488,20230521,1,245900,245900,0,27049,272949,196400,Damaged Product,Store Credit,Completed
1096,RET001096,31808,83977,254,4152,20250209,2,635200,1270400,63520,132756,1339636,400900,Damaged Product,E-Wallet,Completed
1097,RET001097,31808,83979,809,13277,20250209,2,11000,22000,0,2420,24420,8000,Customer Changed Mind,Cash,Completed
1098,RET001098,31808,83980,26,426,20250209,2,139300,278600,0,30646,309246,113900,Customer Changed Mind,Store Credit,Completed
1099,RET001099,2006,5430,358,5816,20231110,1,62400,62400,0,0,62400,52200,Damaged Product,Voucher,Rejected
1100,RET001100,2006,5431,632,10346,20231110,1,55100,55100,2755,5757,58102,39200,Damaged Product,E-Wallet,Completed
1101,RET001101,42218,111190,329,5347,20220415,1,4271400,4271400,0,469854,4741254,3536000,Defective Product,Bank Transfer,Completed
1102,RET001102,46583,122795,787,12930,20230913,1,157300,157300,0,17303,174603,106300,Defective Product,Cash,Completed
1103,RET001103,46583,122799,712,11672,20230913,3,768600,2305800,0,253638,2559438,561200,Quality Issue,Bank Transfer,Completed
1104,RET001104,45696,120427,690,11301,20250916,2,396300,792600,10000,86086,868686,282600,Defective Product,Bank Transfer,Completed
1105,RET001105,45696,120429,732,12002,20250916,2,43200,86400,0,0,86400,37000,Customer Changed Mind,E-Wallet,Completed
1106,RET001106,45696,120431,161,2649,20250916,2,2919000,5838000,5000,641630,6474630,1911800,Wrong Item Sent,E-Wallet,Completed
1107,RET001107,45696,120433,317,5158,20250916,1,126600,126600,0,13926,140526,93100,Damaged Product,Bank Transfer,Completed
1108,RET001108,28178,74252,580,9503,20251101,1,7644000,7644000,10000,839740,8473740,6011300,Customer Changed Mind,E-Wallet,Completed
1109,RET001109,28178,74253,26,426,20251101,5,139300,696500,10000,75515,762015,113900,Customer Changed Mind,Store Credit,Completed
1110,RET001110,28178,74254,502,8209,20251101,1,9824900,9824900,10000,1079639,10894539,8440400,Customer Changed Mind,Bank Transfer,Completed
1111,RET001111,39052,102828,819,13443,20220731,1,2901100,2901100,145055,303164,3059209,2399800,Customer Changed Mind,E-Wallet,Completed
1112,RET001112,35032,92353,330,5378,20250408,2,822800,1645600,0,181016,1826616,556600,Customer Changed Mind,E-Wallet,Completed
1113,RET001113,35032,92354,850,13943,20250408,2,1517400,3034800,151740,317136,3200196,999300,Wrong Item Sent,Store Credit,Completed
1114,RET001114,22373,59007,361,5872,20241017,1,4471600,4471600,0,491876,4963476,3606200,Late Delivery,E-Wallet,Completed
1115,RET001115,32920,86934,326,5305,20240429,1,2672600,2672600,267260,264587,2669927,1992600,Damaged Product,E-Wallet,Completed
1116,RET001116,32920,86937,298,4849,20240429,1,115500,115500,0,12705,128205,94700,Customer Changed Mind,E-Wallet,Completed
1117,RET001117,3547,9505,534,8737,20250228,1,1758100,1758100,150000,176891,1784991,1257800,Damaged Product,E-Wallet,Pending
1118,RET001118,36169,95328,633,10376,20240728,2,834200,1668400,83420,174347,1759327,548700,Defective Product,Bank Transfer,Completed
1119,RET001119,5386,14343,199,3272,20250102,2,2767200,5534400,0,608784,6143184,2041600,Defective Product,Bank Transfer,Completed
1120,RET001120,45720,120497,666,10914,20230516,1,842200,842200,84220,83377,841357,526900,Incorrect Size,Cash,Pending
1121,RET001121,2900,7770,697,11412,20250803,1,6770500,6770500,0,744755,7515255,5537600,Customer Changed Mind,Store Credit,Completed
1122,RET001122,2900,7773,45,738,20250803,1,591200,591200,0,65032,656232,484300,Customer Changed Mind,Cash,Completed
1123,RET001123,35475,93516,540,8834,20220530,1,1572800,1572800,0,173008,1745808,1016300,Damaged Product,E-Wallet,Completed
1124,RET001124,19343,51037,913,14947,20260605,2,2961200,5922400,0,651464,6573864,2136800,Damaged Product,Voucher,Completed
1125,RET001125,19343,51039,108,1757,20260605,1,509100,509100,0,56001,565101,371300,Late Delivery,Voucher,Pending
1126,RET001126,30179,79574,299,4856,20260315,1,594600,594600,0,65406,660006,466700,Expired Product,Store Credit,Completed
1127,RET001127,30179,79576,123,2010,20260315,3,1229200,3687600,0,405636,4093236,905400,Customer Changed Mind,E-Wallet,Completed
1128,RET001128,30179,79577,426,6920,20260315,1,2855000,2855000,0,314050,3169050,2121800,Customer Changed Mind,Bank Transfer,Completed
1129,RET001129,810,2214,837,13724,20240625,1,424500,424500,0,46695,471195,298300,Damaged Product,E-Wallet,Completed
1130,RET001130,46294,122002,455,7391,20220207,2,959500,1919000,0,211090,2130090,724200,Expired Product,Voucher,Completed
1131,RET001131,46294,122004,900,14745,20220207,1,67000,67000,0,7370,74370,48700,Defective Product,Bank Transfer,Completed
1132,RET001132,1475,4012,499,8160,20240813,2,792600,1585200,0,174372,1759572,555200,Customer Changed Mind,Bank Transfer,Completed
1133,RET001133,1475,4014,476,7758,20240813,3,143800,431400,0,47454,478854,119100,Damaged Product,Cash,Completed
1134,RET001134,16844,44416,549,8980,20230313,4,407400,1629600,81480,170293,1718413,336300,Late Delivery,Bank Transfer,Completed
1135,RET001135,9558,25255,746,12247,20230615,1,4128400,4128400,0,454124,4582524,3234900,Damaged Product,Cash,Completed
1136,RET001136,34885,92004,185,3047,20240716,1,38400,38400,1920,4012,40492,28500,Late Delivery,E-Wallet,Completed
1137,RET001137,35842,94486,942,15424,20251001,3,1331900,3995700,199785,417550,4213465,1003800,Defective Product,Bank Transfer,Completed
1138,RET001138,5504,14659,666,10914,20230430,3,842200,2526600,0,277926,2804526,526900,Defective Product,Store Credit,Completed
1139,RET001139,6238,16556,268,4359,20220712,1,6638500,6638500,0,730235,7368735,5762800,Customer Changed Mind,Store Credit,Completed
1140,RET001140,23168,61102,741,12167,20241113,1,3910800,3910800,150000,413688,4174488,3095400,Damaged Product,E-Wallet,Completed
1141,RET001141,23168,61105,881,14451,20241113,2,487600,975200,97520,96544,974224,350500,Incorrect Size,Bank Transfer,Completed
1142,RET001142,10019,26472,424,6902,20260510,1,1530800,1530800,75000,160138,1615938,1112500,Incorrect Size,Bank Transfer,Completed
1143,RET001143,44702,117794,328,5346,20230317,1,747300,747300,74730,73982,746552,560100,Duplicate Order,Store Credit,Completed
1144,RET001144,44702,117796,261,4271,20230317,2,173900,347800,0,38258,386058,133800,Defective Product,Cash,Completed
1145,RET001145,19099,50369,538,8790,20230706,1,4841100,4841100,242055,505894,5104939,3680900,Duplicate Order,Cash,Completed
1146,RET001146,19099,50370,1000,16349,20230706,3,1958300,5874900,293745,613927,6195082,1412100,Damaged Product,Cash,Completed
1147,RET001147,39093,102926,582,9533,20230601,2,48100,96200,9620,9523,96103,36500,Customer Changed Mind,E-Wallet,Completed
1148,RET001148,39093,102927,748,12277,20230601,1,5137500,5137500,0,565125,5702625,4084200,Defective Product,Bank Transfer,Completed
1149,RET001149,39093,102928,413,6703,20230601,1,322000,322000,0,35420,357420,224500,Damaged Product,Cash,Completed
1150,RET001150,47702,125679,506,8263,20250804,1,4696600,4696600,0,516626,5213226,3950300,Customer Changed Mind,Bank Transfer,Completed
1151,RET001151,34951,92166,173,2855,20230108,1,4137300,4137300,0,455103,4592403,3225600,Wrong Item Sent,Cash,Completed
1152,RET001152,34951,92169,592,9692,20230108,10,17200,172000,8600,0,163400,14700,Customer Changed Mind,Bank Transfer,Completed
1153,RET001153,32113,84772,639,10479,20240207,2,97200,194400,9720,20314,204994,71200,Damaged Product,Store Credit,Completed
1154,RET001154,32113,84773,619,10148,20240207,2,610700,1221400,0,134354,1355754,391100,Customer Changed Mind,Bank Transfer,Completed
1155,RET001155,27318,72042,282,4589,20240625,2,16958800,33917600,0,3730936,37648536,15063500,Damaged Product,Cash,Completed
1156,RET001156,26543,69935,216,3544,20220730,2,3711200,7422400,0,816464,8238864,3044800,Defective Product,E-Wallet,Completed
1157,RET001157,43557,114753,810,13303,20240721,1,14400,14400,0,1584,15984,11700,Late Delivery,E-Wallet,Completed
1158,RET001158,33018,87193,287,4666,20220826,2,8798200,17596400,879820,1838823,18555403,7077500,Late Delivery,E-Wallet,Completed
1159,RET001159,33018,87194,280,4547,20220826,4,7400,29600,0,3256,32856,6400,Late Delivery,E-Wallet,Completed
1160,RET001160,13305,35007,208,3415,20231024,3,31100,93300,0,0,93300,26400,Expired Product,E-Wallet,Completed
1161,RET001161,13618,35884,264,4309,20241002,2,77300,154600,0,0,154600,66100,Damaged Product,Voucher,Completed
1162,RET001162,13618,35885,398,6468,20241002,1,10661700,10661700,0,1172787,11834487,9364700,Expired Product,Store Credit,Completed
1163,RET001163,4341,11578,982,16072,20231010,1,11609100,11609100,0,1277001,12886101,9061300,Customer Changed Mind,Cash,Completed
1164,RET001164,4341,11579,632,10359,20231010,1,55100,55100,0,6061,61161,39200,Customer Changed Mind,E-Wallet,Completed
1165,RET001165,13045,34337,16,251,20230908,1,1849200,1849200,0,203412,2052612,1708900,Customer Changed Mind,E-Wallet,Completed
1166,RET001166,27962,73709,822,13490,20230412,1,1557000,1557000,0,171270,1728270,1091900,Damaged Product,Bank Transfer,Completed
1167,RET001167,43033,113359,390,6329,20250523,3,1228100,3684300,0,405273,4089573,941300,Damaged Product,E-Wallet,Rejected
1168,RET001168,40290,106087,256,4179,20260209,1,23795500,23795500,1189775,2486629,25092354,20269800,Quality Issue,Bank Transfer,Completed
1169,RET001169,40290,106088,702,11488,20260209,3,195300,585900,0,64449,650349,137700,Damaged Product,Voucher,Completed
1170,RET001170,47449,125057,333,5420,20231021,3,145900,437700,0,48147,485847,102300,Customer Changed Mind,Cash,Pending
1171,RET001171,12877,33916,154,2548,20231103,2,977100,1954200,97710,204213,2060703,706900,Defective Product,E-Wallet,Completed
1172,RET001172,17181,45254,432,7020,20250726,1,1205700,1205700,0,132627,1338327,846700,Late Delivery,E-Wallet,Completed
1173,RET001173,17181,45255,342,5559,20250726,1,405800,405800,0,44638,450438,293000,Customer Changed Mind,E-Wallet,Completed
1174,RET001174,30845,81335,782,12849,20251109,4,317200,1268800,0,139568,1408368,235800,Customer Changed Mind,Voucher,Completed
1175,RET001175,10498,27778,396,6425,20230929,1,257700,257700,0,28347,286047,186500,Customer Changed Mind,Voucher,Completed
1176,RET001176,10820,28607,216,3539,20240628,1,3711200,3711200,0,408232,4119432,3044800,Damaged Product,E-Wallet,Completed
1177,RET001177,10820,28608,159,2617,20240628,2,68900,137800,0,15158,152958,47500,Customer Changed Mind,Voucher,Completed
1178,RET001178,40535,106731,75,1231,20250403,1,30100,30100,0,0,30100,22700,Customer Changed Mind,Bank Transfer,Completed
1179,RET001179,40535,106733,467,7607,20250403,4,1671400,6685600,0,735416,7421016,1061200,Incorrect Size,Cash,Completed
1180,RET001180,40535,106734,888,14567,20250403,1,43200,43200,0,4752,47952,34000,Customer Changed Mind,Bank Transfer,Completed
1181,RET001181,37774,99497,578,9472,20250411,1,214400,214400,33333,19917,200984,166800,Defective Product,E-Wallet,Completed
1182,RET001182,12778,33644,798,13094,20260515,2,67700,135400,0,14894,150294,49400,Incorrect Size,Cash,Completed
1183,RET001183,13553,35708,476,7750,20250531,1,143800,143800,0,15818,159618,119100,Expired Product,Store Credit,Completed
1184,RET001184,13553,35709,813,13344,20250531,1,15300,15300,0,0,15300,13300,Defective Product,Cash,Completed
1185,RET001185,31412,82887,315,5123,20240415,1,1766800,1766800,0,194348,1961148,1468400,Defective Product,E-Wallet,Completed
1186,RET001186,31412,82890,411,6676,20240415,1,361800,361800,0,39798,401598,228200,Incorrect Size,E-Wallet,Rejected
1187,RET001187,28103,74079,19,313,20220825,1,202700,202700,0,22297,224997,145200,Incorrect Size,Store Credit,Completed
1188,RET001188,13245,34854,131,2143,20250618,1,2216700,2216700,0,243837,2460537,1594400,Wrong Item Sent,E-Wallet,Pending
1189,RET001189,39472,103966,960,15715,20221027,2,2225100,4450200,0,489522,4939722,1660500,Damaged Product,Store Credit,Completed
1190,RET001190,39472,103967,645,10574,20221027,2,4200,8400,0,0,8400,3600,Wrong Item Sent,Store Credit,Completed
1191,RET001191,49125,129530,905,14826,20260325,2,95300,190600,0,0,190600,80700,Customer Changed Mind,Bank Transfer,Completed
1192,RET001192,21793,57501,287,4677,20251127,2,8798200,17596400,100000,1924604,19421004,7077500,Customer Changed Mind,Cash,Completed
1193,RET001193,26660,70247,853,13978,20251124,3,62400,187200,0,0,187200,52500,Quality Issue,E-Wallet,Completed
1194,RET001194,49826,131353,824,13514,20220103,4,441800,1767200,0,194392,1961592,277100,Wrong Item Sent,E-Wallet,Completed
1195,RET001195,28655,75534,753,12358,20240505,1,910600,910600,0,100166,1010766,646800,Incorrect Size,Store Credit,Completed
1196,RET001196,28655,75535,19,307,20240505,1,202700,202700,0,22297,224997,145200,Quality Issue,Store Credit,Completed
1197,RET001197,37840,99683,531,8692,20250530,1,376200,376200,25000,38632,389832,235500,Defective Product,E-Wallet,Completed
1198,RET001198,37840,99684,903,14805,20250530,1,17974900,17974900,12500,1975864,19938264,15345000,Customer Changed Mind,Bank Transfer,Completed
1199,RET001199,37840,99685,573,9402,20250530,1,371000,371000,24999,38060,384061,281700,Wrong Item Sent,E-Wallet,Completed
1200,RET001200,21847,57635,582,9529,20231230,1,48100,48100,0,5291,53391,36500,Wrong Item Sent,Store Credit,Completed
1201,RET001201,31758,83834,10,170,20260423,1,1641500,1641500,82075,171536,1730961,1256200,Quality Issue,Cash,Completed
1202,RET001202,27294,71973,927,15182,20250613,1,9451900,9451900,50000,1034209,10436109,7273200,Defective Product,Store Credit,Completed
1203,RET001203,27294,71974,329,5360,20250613,1,4271400,4271400,100000,458854,4630254,3536000,Defective Product,Store Credit,Completed
1204,RET001204,28681,75609,199,3275,20240122,1,2767200,2767200,0,304392,3071592,2041600,Quality Issue,Voucher,Completed
1205,RET001205,45523,119972,211,3470,20240817,1,60500,60500,0,6655,67155,45100,Customer Changed Mind,Voucher,Completed
1206,RET001206,45523,119974,692,11343,20240817,3,156700,470100,0,51711,521811,111100,Wrong Item Sent,Bank Transfer,Completed
1207,RET001207,44473,117189,713,11701,20240930,1,726300,726300,3333,79526,802493,484500,Customer Changed Mind,Store Credit,Completed
1208,RET001208,44473,117190,792,13016,20240930,2,206900,413800,10000,44418,448218,159200,Incorrect Size,Bank Transfer,Completed
1209,RET001209,22925,60472,371,6023,20240119,1,4257300,4257300,0,468303,4725603,3330900,Expired Product,E-Wallet,Completed
1210,RET001210,12429,32759,219,3596,20260402,1,3907200,3907200,0,429792,4336992,3415400,Customer Changed Mind,Bank Transfer,Completed
1211,RET001211,12429,32760,557,9139,20260402,1,6912900,6912900,0,760419,7673319,5717100,Customer Changed Mind,E-Wallet,Completed
1212,RET001212,12429,32761,168,2777,20260402,5,262300,1311500,0,144265,1455765,194700,Wrong Item Sent,E-Wallet,Completed
1213,RET001213,48373,127493,894,14653,20240510,1,8457800,8457800,0,930358,9388158,7052800,Customer Changed Mind,E-Wallet,Completed
1214,RET001214,48373,127496,712,11668,20240510,5,768600,3843000,0,422730,4265730,561200,Damaged Product,E-Wallet,Completed
1215,RET001215,44340,116870,248,4064,20240117,1,1978300,1978300,0,217613,2195913,1610800,Expired Product,Bank Transfer,Pending
1216,RET001216,14812,39021,6,100,20260103,1,6990300,6990300,0,768933,7759233,5820400,Customer Changed Mind,E-Wallet,Completed
1217,RET001217,14812,39022,391,6356,20260103,1,583100,583100,0,64141,647241,397300,Defective Product,Voucher,Completed
1218,RET001218,12843,33816,987,16151,20240918,2,416100,832200,41610,86964,877554,343200,Damaged Product,Store Credit,Completed
1219,RET001219,38298,100849,537,8774,20230704,2,533000,1066000,0,117260,1183260,438600,Wrong Item Sent,Store Credit,Completed
1220,RET001220,23864,62915,670,10965,20221023,2,2904600,5809200,0,639012,6448212,2348300,Duplicate Order,Voucher,Completed
1221,RET001221,1614,4357,894,14659,20250603,1,8457800,8457800,422890,883840,8918750,7052800,Customer Changed Mind,Voucher,Completed
1222,RET001222,14714,38756,107,1743,20230327,1,2345800,2345800,0,258038,2603838,1725400,Incorrect Size,E-Wallet,Completed
1223,RET001223,7147,18961,554,9079,20250725,2,1310600,2621200,0,288332,2909532,895300,Late Delivery,Bank Transfer,Completed
1224,RET001224,14301,37690,362,5880,20241030,1,2101700,2101700,50000,225687,2277387,1399300,Wrong Item Sent,Voucher,Completed
1225,RET001225,1670,4514,553,9059,20250314,1,1823900,1823900,91195,190597,1923302,1359600,Defective Product,Bank Transfer,Completed
1226,RET001226,11291,29809,180,2976,20240502,1,17385700,17385700,0,1912427,19298127,14948200,Customer Changed Mind,Bank Transfer,Completed
1227,RET001227,11291,29812,57,930,20240502,2,1355700,2711400,0,298254,3009654,959900,Defective Product,Store Credit,Completed
1228,RET001228,18994,50100,542,8863,20231219,2,2455500,4911000,0,540210,5451210,1555300,Damaged Product,E-Wallet,Completed
1229,RET001229,22355,58963,251,4093,20260526,11,16500,181500,0,19965,201465,12400,Customer Changed Mind,Store Credit,Completed
1230,RET001230,11448,30221,547,8941,20241108,1,3371300,3371300,0,370843,3742143,2708000,Defective Product,Bank Transfer,Completed
1231,RET001231,31650,83547,90,1461,20230927,3,165500,496500,0,0,496500,125300,Incorrect Size,Bank Transfer,Completed
1232,RET001232,41680,109811,266,4333,20230614,1,19193500,19193500,0,2111285,21304785,16346100,Customer Changed Mind,Voucher,Completed
1233,RET001233,41680,109812,490,7997,20230614,2,12600,25200,0,2772,27972,10000,Customer Changed Mind,Cash,Completed
1234,RET001234,16991,44784,893,14647,20250913,3,136200,408600,15000,43296,436896,104900,Damaged Product,Cash,Completed
1235,RET001235,15569,40989,959,15691,20230807,2,5572500,11145000,0,1225950,12370950,4514000,Wrong Item Sent,Store Credit,Pending
1236,RET001236,15211,40074,948,15519,20230321,1,3518400,3518400,0,387024,3905424,2475500,Damaged Product,E-Wallet,Completed
1237,RET001237,32704,86335,415,6744,20220608,2,318600,637200,0,70092,707292,233300,Damaged Product,E-Wallet,Completed
1238,RET001238,13849,36502,168,2779,20250709,3,262300,786900,39345,82231,829786,194700,Incorrect Size,Cash,Completed
1239,RET001239,29288,77234,762,12512,20250421,3,36200,108600,0,11946,120546,29300,Incorrect Size,Cash,Completed
1240,RET001240,22555,59478,248,4057,20260622,2,1978300,3956600,0,435226,4391826,1610800,Wrong Item Sent,Bank Transfer,Completed
1241,RET001241,43692,115122,436,7095,20221206,4,67500,270000,0,0,270000,55500,Damaged Product,Cash,Completed
1242,RET001242,24541,64691,355,5767,20240326,1,4135800,4135800,0,454938,4590738,3370000,Customer Changed Mind,Cash,Completed
1243,RET001243,24541,64692,668,10940,20240326,1,496600,496600,0,54626,551226,383500,Quality Issue,Bank Transfer,Completed
1244,RET001244,3375,9017,946,15488,20251004,3,7800,23400,0,0,23400,6900,Customer Changed Mind,Voucher,Completed
1245,RET001245,33308,87957,404,6569,20260409,1,1600200,1600200,0,176022,1776222,1104200,Defective Product,Voucher,Completed
1246,RET001246,24487,64570,51,838,20220820,8,148500,1188000,59400,124146,1252746,98400,Duplicate Order,E-Wallet,Completed
1247,RET001247,24487,64571,262,4281,20220820,3,29500,88500,0,9735,98235,23900,Customer Changed Mind,Voucher,Completed
1248,RET001248,29234,77093,910,14899,20250508,1,6896500,6896500,0,758615,7655115,6130800,Defective Product,Voucher,Completed
1249,RET001249,7928,20962,564,9254,20250313,2,207500,415000,50000,40150,405150,147700,Damaged Product,Cash,Completed
1250,RET001250,7928,20963,449,7303,20250313,1,2083900,2083900,50000,223729,2257629,1730000,Damaged Product,Bank Transfer,Completed
1251,RET001251,49749,131145,810,13297,20220814,4,14400,57600,0,6336,63936,11700,Incorrect Size,Bank Transfer,Completed
1252,RET001252,49749,131146,807,13247,20220814,4,638300,2553200,0,280852,2834052,447400,Customer Changed Mind,Cash,Completed
1253,RET001253,45321,119418,336,5467,20240613,2,24700,49400,0,5434,54834,20400,Damaged Product,Store Credit,Completed
1254,RET001254,45321,119420,712,11679,20240613,1,768600,768600,0,84546,853146,561200,Defective Product,Store Credit,Completed
1255,RET001255,33332,88013,916,14991,20240328,10,49700,497000,0,54670,551670,42900,Defective Product,E-Wallet,Completed
1256,RET001256,33332,88014,323,5251,20240328,1,6171100,6171100,0,678821,6849921,5349200,Incorrect Size,E-Wallet,Completed
1257,RET001257,19423,51236,425,6915,20221102,1,20067400,20067400,0,2207414,22274814,17542900,Defective Product,Bank Transfer,Completed
1258,RET001258,39423,103834,639,10471,20220527,11,97200,1069200,0,117612,1186812,71200,Damaged Product,Cash,Completed
1259,RET001259,20196,53247,905,14830,20240728,2,95300,190600,0,0,190600,80700,Wrong Item Sent,E-Wallet,Completed
1260,RET001260,36339,95757,179,2952,20250804,1,915300,915300,10000,99583,1004883,721200,Damaged Product,Cash,Completed
1261,RET001261,41115,108297,465,7567,20230710,3,2389900,7169700,0,788667,7958367,1785400,Damaged Product,E-Wallet,Completed
1262,RET001262,45439,119745,636,10421,20240313,2,535000,1070000,0,117700,1187700,427500,Damaged Product,E-Wallet,Completed
1263,RET001263,45439,119748,190,3124,20240313,1,489800,489800,0,53878,543678,352500,Damaged Product,E-Wallet,Completed
1264,RET001264,20734,54696,628,10281,20240701,1,4977800,4977800,0,547558,5525358,3615700,Late Delivery,Store Credit,Completed
1265,RET001265,44191,116468,53,868,20230722,3,155900,467700,0,51447,519147,115500,Quality Issue,Bank Transfer,Completed
1266,RET001266,29685,78257,404,6564,20250201,1,1600200,1600200,0,176022,1776222,1104200,Defective Product,E-Wallet,Completed
1267,RET001267,6514,17277,332,5409,20240425,1,632700,632700,0,69597,702297,455600,Defective Product,Bank Transfer,Completed
1268,RET001268,34278,90458,38,620,20260208,1,313700,313700,0,34507,348207,208000,Wrong Item Sent,E-Wallet,Completed
1269,RET001269,9251,24457,242,3951,20240316,1,61900,61900,0,0,61900,51700,Defective Product,E-Wallet,Completed
1270,RET001270,29262,77164,384,6236,20221015,1,107600,107600,0,0,107600,80900,Wrong Item Sent,Bank Transfer,Completed
1271,RET001271,2200,5949,508,8305,20260506,5,763500,3817500,0,419925,4237425,549700,Damaged Product,Bank Transfer,Completed
1272,RET001272,2490,6684,603,9863,20251206,1,9254800,9254800,462740,967126,9759186,7829200,Damaged Product,E-Wallet,Pending
1273,RET001273,2490,6685,863,14155,20251206,2,96100,192200,0,0,192200,72500,Customer Changed Mind,Cash,Completed
1274,RET001274,16357,43100,285,4632,20251108,2,4556200,9112400,0,1002364,10114764,3539600,Damaged Product,E-Wallet,Completed
1275,RET001275,5555,14789,156,2574,20241102,2,5824000,11648000,10000,1280180,12918180,4821700,Customer Changed Mind,E-Wallet,Completed
1276,RET001276,35776,94320,209,3434,20220213,2,1413100,2826200,0,310882,3137082,1184700,Incorrect Size,Voucher,Completed
1277,RET001277,13794,36351,177,2917,20260327,1,1233300,1233300,0,135663,1368963,966500,Defective Product,Voucher,Completed
1278,RET001278,5631,14985,390,6328,20260201,1,1228100,1228100,10000,133991,1352091,941300,Customer Changed Mind,E-Wallet,Completed
1279,RET001279,5631,14986,359,5833,20260201,1,3997600,3997600,10000,438636,4426236,3180300,Customer Changed Mind,E-Wallet,Completed
1280,RET001280,5631,14987,611,9993,20260201,2,13200,26400,0,2904,29304,11400,Customer Changed Mind,Store Credit,Completed
1281,RET001281,5631,14988,786,12914,20260201,3,385300,1155900,6000,126489,1276389,304700,Duplicate Order,E-Wallet,Completed
1282,RET001282,5631,14989,144,2366,20260201,3,345200,1035600,6000,113256,1142856,253000,Defective Product,Voucher,Completed
1283,RET001283,48072,126702,121,1984,20250503,4,159100,636400,0,70004,706404,118600,Customer Changed Mind,Store Credit,Completed
1284,RET001284,46733,123177,571,9367,20230221,2,4610400,9220800,0,1014288,10235088,3183400,Customer Changed Mind,E-Wallet,Completed
1285,RET001285,45303,119367,706,11572,20220205,1,2928000,2928000,0,322080,3250080,2453700,Wrong Item Sent,Bank Transfer,Pending
1286,RET001286,39499,104031,114,1863,20241206,2,14803300,29606600,0,3256726,32863326,11566000,Late Delivery,E-Wallet,Completed
1287,RET001287,37976,99998,514,8412,20250930,1,1281100,1281100,100000,129921,1311021,886100,Customer Changed Mind,Voucher,Completed
1288,RET001288,13006,34227,507,8297,20230924,1,2101300,2101300,105065,219585,2215820,1504300,Damaged Product,E-Wallet,Completed
1289,RET001289,14910,39286,282,4582,20240218,1,16958800,16958800,0,1865468,18824268,15063500,Defective Product,Bank Transfer,Completed
1290,RET001290,11135,29394,382,6211,20220103,13,34600,449800,0,49478,499278,26700,Damaged Product,Cash,Completed
1291,RET001291,40341,106235,558,9157,20250419,1,752000,752000,0,82720,834720,555600,Wrong Item Sent,Bank Transfer,Completed
1292,RET001292,40341,106238,586,9607,20250419,1,5945900,5945900,0,654049,6599949,5022700,Customer Changed Mind,Bank Transfer,Completed
1293,RET001293,40341,106239,680,11148,20250419,1,1543300,1543300,0,169763,1713063,1099700,Customer Changed Mind,Bank Transfer,Completed
1294,RET001294,8939,23622,460,7480,20240724,2,698400,1396800,0,153648,1550448,516400,Customer Changed Mind,Store Credit,Completed
1295,RET001295,6527,17316,785,12896,20220512,1,2025900,2025900,101295,211706,2136311,1837900,Defective Product,Bank Transfer,Completed
1296,RET001296,6527,17317,668,10940,20220512,2,496600,993200,49660,103789,1047329,383500,Defective Product,E-Wallet,Completed
1297,RET001297,6527,17318,911,14912,20220512,1,4695700,4695700,0,516527,5212227,3725400,Wrong Item Sent,Store Credit,Completed
1298,RET001298,6527,17319,576,9436,20220512,1,5012600,5012600,0,551386,5563986,4169400,Damaged Product,E-Wallet,Completed
